rank,name,postcode,address,rating,reviewCount,removedRange,removedMin,removedMax,removedEstimate,deletionRatioPct,realRatingAdjusted,removedText,url
1,Restaurant Oberkrainer am Hauptmarkt,90403,"Hauptmarkt 7, 90403 Nürnberg",4.7,3068,über 250,250,,300,8.91,4.37,Über 250 Bewertungen aufgrund von Beschwerden wegen Diffamierung entfernt.,https://www.google.com/maps/place/Restaurant+Oberkrainer+am+Hauptmarkt/data=!4m7!3m6!1s0x479f57af7bd60d63:0xa32e549d229e6c35!8m2!3d49.4535813!4d11.0765844!16s%2Fg%2F1tggmn0y!19sChIJYw3We69Xn0cRNWyeIp1ULqM?authuser=0&hl=de&rclk=1
2,PROVENZA Trattoria Italia Ristorante Pizzeria,90403,"Hauptmarkt 6-8, 90403 Nürnberg",4.6,1797,über 250,250,,300,14.31,4.085,Über 250 Bewertungen aufgrund von Beschwerden wegen Diffamierung entfernt.,https://www.google.com/maps/place/PROVENZA+Trattoria+Italia+Ristorante+Pizzeria/data=!4m7!3m6!1s0x479f57af7dababc7:0xc178cc4fb7cf76ff!8m2!3d49.4534668!4d11.0771551!16s%2Fg%2F1tcxhry_!19sChIJx6urfa9Xn0cR_3bPt0_MeME?authuser=0&hl=de&rclk=1
3,Urfa Dürüm Döner Nürnberg,90402,"Ludwigstraße 81, 90402 Nürnberg",4.6,1295,über 250,250,,300,18.81,3.923,Über 250 Bewertungen aufgrund von Beschwerden wegen Diffamierung entfernt.,https://www.google.com/maps/place/Urfa+D%C3%BCr%C3%BCm+D%C3%B6ner+N%C3%BCrnberg/data=!4m7!3m6!1s0x479f57aa17fc5a51:0x63434a3264761043!8m2!3d49.4484929!4d11.067411!16s%2Fg%2F11b7lc9wdc!19sChIJUVr8F6pXn0cRQxB2ZDJKQ2M?authuser=0&hl=de&rclk=1
4,Konditorei Cafe Beer,90402,"Breite G. 79, 90402 Nürnberg",4.6,1733,201–250,201,250,225.5,11.51,4.185,201 bis 250 Bewertungen aufgrund von Beschwerden wegen Diffamierung entfernt.,https://www.google.com/maps/place/Konditorei+Cafe+Beer/data=!4m7!3m6!1s0x479f57a91df2fecd:0xed1fc6c31a6ae841!8m2!3d49.450152!4d11.07243!16s%2Fg%2F1tfq86p2!19sChIJzf7yHalXn0cRQehqGsPGH-0?authuser=0&hl=de&rclk=1
5,Original Berliner Döner,90478,"Dürrenhofstraße 49, 90478 Nürnberg",4.8,1680,201–250,201,250,225.5,11.83,4.35,201 bis 250 Bewertungen aufgrund von Beschwerden wegen Diffamierung entfernt.,https://www.google.com/maps/place/Original+Berliner+D%C3%B6ner/data=!4m7!3m6!1s0x479f579814498cfd:0x1f8b466847fee3ba!8m2!3d49.4452625!4d11.0977342!16s%2Fg%2F11s7wjx6y3!19sChIJ_YxJFJhXn0cRuuP-R2hGix8?authuser=0&hl=de&rclk=1
6,Maestro,90402,"Königstraße 53, 90402 Nürnberg",4.4,1160,151–200,151,200,175.5,13.14,3.953,151 bis 200 Bewertungen aufgrund von Beschwerden wegen Diffamierung entfernt.,https://www.google.com/maps/place/Maestro/data=!4m7!3m6!1s0x479f57a6f05417b9:0x4f15b38673c25e1d!8m2!3d49.4493101!4d11.0796576!16s%2Fg%2F11b_033pvn!19sChIJuRdU8KZXn0cRHV7Cc4azFU8?authuser=0&hl=de&rclk=1
7,Hotel Daucher sleep hotels Nürnberg,90475,"Habsburgerstraße 9, 90475 Nürnberg",4.3,368,151–200,151,200,175.5,32.29,3.234,151 bis 200 Bewertungen aufgrund von Beschwerden wegen Diffamierung entfernt.,https://www.google.com/maps/place/Hotel+Daucher+sleep+hotels+N%C3%BCrnberg/data=!4m10!3m9!1s0x479f596fcfbf995d:0x1f4b87cdefaa091b!5m2!4m1!1i2!8m2!3d49.4083568!4d11.1691161!16s%2Fg%2F1tfcxt69!19sChIJXZm_z29Zn0cRGwmq782HSx8?authuser=0&hl=de&rclk=1
8,Mevlana Restaurant,90443,"Gostenhofer Hauptstraße 18, 90443 Nürnberg",4.5,3853,101–150,101,150,125.5,3.15,4.39,101 bis 150 Bewertungen aufgrund von Beschwerden wegen Diffamierung entfernt.,https://www.google.com/maps/place/Mevlana+Restaurant/data=!4m7!3m6!1s0x479f570081197793:0xc9603b4561c549d0!8m2!3d49.4472304!4d11.0649064!16s%2Fg%2F1tgyvpw6!19sChIJk3cZgQBXn0cR0EnFYUU7YMk?authuser=0&hl=de&rclk=1
9,dasPaul Restaurant & Hotel,90403,"Kaiserstraße 22, 90403 Nürnberg",4.3,2766,101–150,101,150,125.5,4.34,4.157,101 bis 150 Bewertungen aufgrund von Beschwerden wegen Diffamierung entfernt.,https://www.google.com/maps/place/dasPaul+Restaurant+%26+Hotel/data=!4m7!3m6!1s0x479f57af468356ed:0xf8bf7e4ef84efda1!8m2!3d49.4524476!4d11.0754605!16s%2Fg%2F11cm_gzn70!19sChIJ7VaDRq9Xn0cRof1O-E5-v_g?authuser=0&hl=de&rclk=1
10,KOKORO NÜRNBERG (AM NEUEN MUSEUM),90402,"Am Neuen Museum, Luitpoldstraße 3, 90402 Nürnberg",4.6,2316,101–150,101,150,125.5,5.14,4.415,101 bis 150 Bewertungen aufgrund von Beschwerden wegen Diffamierung entfernt.,https://www.google.com/maps/place/KOKORO+N%C3%9CRNBERG+%28AM+NEUEN+MUSEUM%29/data=!4m7!3m6!1s0x479f57a73d324125:0x1f2e1ea9639295f9!8m2!3d49.4478617!4d11.0802849!16s%2Fg%2F11b6_gt5j2!19sChIJJUEyPadXn0cR-ZWSY6keLh8?authuser=0&hl=de&rclk=1
11,Tucher Mautkeller Nürnberg,90402,"Hallpl. 2, 90402 Nürnberg",4.5,1733,101–150,101,150,125.5,6.75,4.264,101 bis 150 Bewertungen aufgrund von Beschwerden wegen Diffamierung entfernt.,https://www.google.com/maps/place/Tucher+Mautkeller+N%C3%BCrnberg/data=!4m7!3m6!1s0x479f57ab88a06213:0xc9b8d8aa39691918!8m2!3d49.4494178!4d11.0790935!16s%2Fg%2F11r_v26rfl!19sChIJE2KgiKtXn0cRGBlpOarYuMk?authuser=0&hl=de&rclk=1
12,CôCô – Indochine Sushi Nürnberg,90403,"Augustinerstraße 1, 90403 Nürnberg",4.8,1643,101–150,101,150,125.5,7.1,4.53,101 bis 150 Bewertungen aufgrund von Beschwerden wegen Diffamierung entfernt.,https://www.google.com/maps/place/C%C3%B4C%C3%B4+%E2%80%93+Indochine+Sushi+N%C3%BCrnberg/data=!4m7!3m6!1s0x479f57afa1de8e67:0xb69295a98e74b879!8m2!3d49.4541424!4d11.0755516!16s%2Fg%2F11c0r2x57p!19sChIJZ47eoa9Xn0cRebh0jqmVkrY?authuser=0&hl=de&rclk=1
13,Mam-Mam Burger,90403,"Innere Laufer G. 13, 90403 Nürnberg",4.7,1581,101–150,101,150,125.5,7.35,4.428,101 bis 150 Bewertungen aufgrund von Beschwerden wegen Diffamierung entfernt.,https://www.google.com/maps/place/Mam-Mam+Burger/data=!4m7!3m6!1s0x479f57bab7528031:0xbebae7ac62f9f736!8m2!3d49.4559159!4d11.0820127!16s%2Fg%2F11b6nyyd2k!19sChIJMYBSt7pXn0cRNvf5Yqznur4?authuser=0&hl=de&rclk=1
14,Kreuzberg Döner Restaurant,90478,"Stephanstraße 17, 90478 Nürnberg",4.9,1568,101–150,101,150,125.5,7.41,4.611,101 bis 150 Bewertungen aufgrund von Beschwerden wegen Diffamierung entfernt.,https://www.google.com/maps/place/Kreuzberg+D%C3%B6ner+Restaurant/data=!4m7!3m6!1s0x479f574515647959:0xc40fc0d4c82addad!8m2!3d49.4460561!4d11.0977602!16s%2Fg%2F11tsk0gt6q!19sChIJWXlkFUVXn0cRrd0qyNTAD8Q?authuser=0&hl=de&rclk=1
15,Espressolab,90409,"Schillerstraße 14, 90409 Nürnberg",4.5,1454,101–150,101,150,125.5,7.95,4.222,101 bis 150 Bewertungen aufgrund von Beschwerden wegen Diffamierung entfernt.,https://www.google.com/maps/place/Espressolab/data=!4m7!3m6!1s0x479f5761378dba33:0x81f7d22bf304e82a!8m2!3d49.4644362!4d11.0839984!16s%2Fg%2F11gnsnnm5w!19sChIJM7qNN2FXn0cRKugE8yvS94E?authuser=0&hl=de&rclk=1
16,VINERIA Nürnberg,90408,"Kleinreuther Weg 87, 90408 Nürnberg",4.8,1249,101–150,101,150,125.5,9.13,4.453,101 bis 150 Bewertungen aufgrund von Beschwerden wegen Diffamierung entfernt.,https://www.google.com/maps/place/VINERIA+N%C3%BCrnberg/data=!4m7!3m6!1s0x479f57cb2dc3c34f:0x97fa9c83d83b592a!8m2!3d49.4705233!4d11.0707154!16s%2Fg%2F1tctwk8x!19sChIJT8PDLctXn0cRKlk72IOc-pc?authuser=0&hl=de&rclk=1
17,Osteria Del Centro,90443,"Eilgutstraße 10, 90443 Nürnberg",4.7,1248,101–150,101,150,125.5,9.14,4.362,101 bis 150 Bewertungen aufgrund von Beschwerden wegen Diffamierung entfernt.,https://www.google.com/maps/place/Osteria+Del+Centro/data=!4m7!3m6!1s0x479f5709ce495c3f:0x5aafac65eb57c70f!8m2!3d49.4452778!4d11.0783333!16s%2Fg%2F1tdzq3hp!19sChIJP1xJzglXn0cRD8dX62Wsr1o?authuser=0&hl=de&rclk=1
18,Gasthaus Heidekrug Nürnberg Bowling,90480,"Waldluststraße 67, 90480 Nürnberg",4.8,1158,101–150,101,150,125.5,9.78,4.428,101 bis 150 Bewertungen aufgrund von Beschwerden wegen Diffamierung entfernt.,https://www.google.com/maps/place/Gasthaus+Heidekrug+N%C3%BCrnberg+Bowling/data=!4m7!3m6!1s0x479f59d3056a500b:0xd5f3cc4dc4580983!8m2!3d49.4399391!4d11.1216072!16s%2Fg%2F1tj5k43l!19sChIJC1BqBdNZn0cRgwlYxE3M89U?authuser=0&hl=de&rclk=1
19,Bootshaus Nürnberg,90478,"Bayernstraße 136, 90478 Nürnberg",4.7,678,101–150,101,150,125.5,15.62,4.122,101 bis 150 Bewertungen aufgrund von Beschwerden wegen Diffamierung entfernt.,https://www.google.com/maps/place/Bootshaus+N%C3%BCrnberg/data=!4m7!3m6!1s0x479f59d0ebd40905:0xdff7e30b00e37e4e!8m2!3d49.4335136!4d11.1184892!16s%2Fg%2F1ttq12vt!19sChIJBQnU69BZn0cRTn7jAAvj998?authuser=0&hl=de&rclk=1
20,Palast Grill Haus,90419,"Johannisstraße 86, 90419 Nürnberg",4.7,658,101–150,101,150,125.5,16.02,4.107,101 bis 150 Bewertungen aufgrund von Beschwerden wegen Diffamierung entfernt.,https://www.google.com/maps/place/Palast+Grill+Haus/data=!4m7!3m6!1s0x479f564e5ca21c0f:0xf368021aac0dae19!8m2!3d49.4603048!4d11.0581835!16s%2Fg%2F1pp2xbpxh!19sChIJDxyiXE5Wn0cRGa4NrBoCaPM?authuser=0&hl=de&rclk=1
21,Restaurant Tiflis,90491,"Bismarckstraße 12, 90491 Nürnberg",4.7,642,101–150,101,150,125.5,16.35,4.095,101 bis 150 Bewertungen aufgrund von Beschwerden wegen Diffamierung entfernt.,https://www.google.com/maps/place/Restaurant+Tiflis/data=!4m7!3m6!1s0x479f56506c84f77d:0x36b27a29f51aef27!8m2!3d49.46323!4d11.10094!16s%2Fg%2F1tcw2lyx!19sChIJffeEbFBWn0cRJ-8a9Sl6sjY?authuser=0&hl=de&rclk=1
22,Bao Street,90473,"Glogauer Str. 30-38, 90473 Nürnberg",4.6,481,101–150,101,150,125.5,20.69,3.855,101 bis 150 Bewertungen aufgrund von Beschwerden wegen Diffamierung entfernt.,https://www.google.com/maps/place/Bao+Street/data=!4m7!3m6!1s0x479f598923a705a5:0x2913a93b37cf6f3f!8m2!3d49.4030309!4d11.1354211!16s%2Fg%2F11c59nsg4h!19sChIJpQWnI4lZn0cRP2_PNzupEyk?authuser=0&hl=de&rclk=1
23,Kochlöffel,90402,"Breite G. 26, 90402 Nürnberg",4,447,101–150,101,150,125.5,21.92,3.342,101 bis 150 Bewertungen aufgrund von Beschwerden wegen Diffamierung entfernt.,https://www.google.com/maps/place/Kochl%C3%B6ffel/data=!4m7!3m6!1s0x479f57a62072091f:0xc7ab4d94fd68a8bd!8m2!3d49.450155!4d11.0758549!16s%2Fg%2F1xgrlyjb!19sChIJHwlyIKZXn0cRvaho_ZRNq8c?authuser=0&hl=de&rclk=1
24,burgerme Nürnberg Nord,90419,"Bucher Str. 35, 90419 Nürnberg",4.3,289,101–150,101,150,125.5,30.28,3.301,101 bis 150 Bewertungen aufgrund von Beschwerden wegen Diffamierung entfernt.,https://www.google.com/maps/place/burgerme+N%C3%BCrnberg+Nord/data=!4m7!3m6!1s0x479f57a6fb1b25a9:0x47670e78b47d3a9e!8m2!3d49.4610061!4d11.0720757!16s%2Fg%2F11fkrxb794!19sChIJqSUb-6ZXn0cRnjp9tHgOZ0c?authuser=0&hl=de&rclk=1
25,Piknik Pide - Gemüsekebab,90408,"Friedrich-Ebert-Platz 6, 90408 Nürnberg",4.8,262,101–150,101,150,125.5,32.39,3.569,101 bis 150 Bewertungen aufgrund von Beschwerden wegen Diffamierung entfernt.,https://www.google.com/maps/place/Piknik+Pide+-+Gem%C3%BCsekebab/data=!4m7!3m6!1s0x479f57b470022d95:0x574e7f993efee8c3!8m2!3d49.4628276!4d11.0716048!16s%2Fg%2F11bw_5kp1q!19sChIJlS0CcLRXn0cRw-j-Ppl_Tlc?authuser=0&hl=de&rclk=1
26,Kokono Nürnberg,90402,"Luitpoldstraße 7, 90402 Nürnberg",4.7,3009,51–100,51,100,75.5,2.45,4.609,51 bis 100 Bewertungen aufgrund von Beschwerden wegen Diffamierung entfernt.,https://www.google.com/maps/place/Kokono+N%C3%BCrnberg/data=!4m7!3m6!1s0x479f5765fdee9d3f:0x43c51efa203772c6!8m2!3d49.4480793!4d11.0795829!16s%2Fg%2F11h88d3zgj!19sChIJP53u_WVXn0cRxnI3IPoexUM?authuser=0&hl=de&rclk=1
27,Tapasitos restaurante y bar,90403,"Adlerstraße 22, 90403 Nürnberg",4.6,2366,51–100,51,100,75.5,3.09,4.489,51 bis 100 Bewertungen aufgrund von Beschwerden wegen Diffamierung entfernt.,https://www.google.com/maps/place/Tapasitos+restaurante+y+bar/data=!4m7!3m6!1s0x479f57af50d0c1e7:0x3ef61e5504706412!8m2!3d49.4519728!4d11.0759483!16s%2Fg%2F1tdkl6gv!19sChIJ58HQUK9Xn0cREmRwBFUe9j4?authuser=0&hl=de&rclk=1
28,60's SMASH BURGER,90402,"Vordere Sterngasse 21, 90402 Nürnberg",4.7,2262,51–100,51,100,75.5,3.23,4.58,51 bis 100 Bewertungen aufgrund von Beschwerden wegen Diffamierung entfernt.,https://www.google.com/maps/place/60%27s+SMASH+BURGER/data=!4m7!3m6!1s0x479f57b06224e14b:0x64f98ca5f012a6df!8m2!3d49.4474367!4d11.0782891!16s%2Fg%2F11lnk6qkhv!19sChIJS-EkYrBXn0cR36YS8KWM-WQ?authuser=0&hl=de&rclk=1
29,Taberu,90431,"Sigmundstraße 155, 90431 Nürnberg",4.7,1557,51–100,51,100,75.5,4.62,4.529,51 bis 100 Bewertungen aufgrund von Beschwerden wegen Diffamierung entfernt.,https://www.google.com/maps/place/Taberu/data=!4m7!3m6!1s0x479f57ad8c777dd9:0x720dd9af62fc8a3b!8m2!3d49.4459965!4d11.008982!16s%2Fg%2F11jr8bstjh!19sChIJ2X13jK1Xn0cRO4r8Yq_ZDXI?authuser=0&hl=de&rclk=1
30,Mam-Mam Burger,90402,"Vordere Sterngasse 26, 90402 Nürnberg",4.7,1382,51–100,51,100,75.5,5.18,4.508,51 bis 100 Bewertungen aufgrund von Beschwerden wegen Diffamierung entfernt.,https://www.google.com/maps/place/Mam-Mam+Burger/data=!4m7!3m6!1s0x479f57a7a1c11da5:0x2836dceab404b842!8m2!3d49.4474335!4d11.0779057!16s%2Fg%2F11c2nt2s_d!19sChIJpR3BoadXn0cRQrgEtOrcNig?authuser=0&hl=de&rclk=1
31,KRiSTALL DÖNER NÜRNBERG,90443,"Gibitzenhofstraße 43, 90443 Nürnberg",4.6,1327,51–100,51,100,75.5,5.38,4.406,51 bis 100 Bewertungen aufgrund von Beschwerden wegen Diffamierung entfernt.,https://www.google.com/maps/place/KRiSTALL+D%C3%96NER+N%C3%9CRNBERG/data=!4m7!3m6!1s0x479f5704f79a6227:0xe6de1503abc56a79!8m2!3d49.4393397!4d11.0673051!16s%2Fg%2F12qfnpr1c!19sChIJJ2Ka9wRXn0cReWrFqwMV3uY?authuser=0&hl=de&rclk=1
32,akropolis • hotel • restaurant,90449,"Herriedener Str. 38, 90449 Nürnberg",4.6,1081,51–100,51,100,75.5,6.53,4.365,51 bis 100 Bewertungen aufgrund von Beschwerden wegen Diffamierung entfernt.,https://www.google.com/maps/place/akropolis+%E2%80%A2+hotel+%E2%80%A2+restaurant/data=!4m10!3m9!1s0x479f56c8028963bb:0x53acb480a74a5167!5m2!4m1!1i2!8m2!3d49.42!4d11.0236111!16s%2Fg%2F1tf7lkf4!19sChIJu2OJAshWn0cRZ1FKp4C0rFM?authuser=0&hl=de&rclk=1
33,Thai Food 2 Brettergarten,90427,"Brettergartenstraße 97, 90427 Nürnberg",4.6,1070,51–100,51,100,75.5,6.59,4.363,51 bis 100 Bewertungen aufgrund von Beschwerden wegen Diffamierung entfernt.,https://www.google.com/maps/place/Thai+Food+2+Brettergarten/data=!4m7!3m6!1s0x410c9f65d8565bf1:0xf6ac6e2ef3ba3dea!8m2!3d49.4717077!4d11.0218483!16s%2Fg%2F1tfxx04p!19sChIJ8VtW2GWfDEER6j268y5urPY?authuser=0&hl=de&rclk=1
34,CôCô taste of Asia Sushi Nürnberg,90402,"Schlotfegergasse 2, 90402 Nürnberg",4.8,1063,51–100,51,100,75.5,6.63,4.548,51 bis 100 Bewertungen aufgrund von Beschwerden wegen Diffamierung entfernt.,https://www.google.com/maps/place/C%C3%B4C%C3%B4+taste+of+Asia+Sushi+N%C3%BCrnberg/data=!4m7!3m6!1s0x479f57abe1afa5a7:0xf87bcbdf62527dbf!8m2!3d49.4510596!4d11.0692968!16s%2Fg%2F11b87w913h!19sChIJp6Wv4atXn0cRv31SYt_Le_g?authuser=0&hl=de&rclk=1
35,Lamore da Massimo - italienisches Restaurant in Nürnberg,90402,"Jakobspl. 11, 90402 Nürnberg",4.8,1011,51–100,51,100,75.5,6.95,4.536,51 bis 100 Bewertungen aufgrund von Beschwerden wegen Diffamierung entfernt.,https://www.google.com/maps/place/Lamore+da+Massimo+-+italienisches+Restaurant+in+N%C3%BCrnberg/data=!4m7!3m6!1s0x47a2012a884b854d:0x63b30ab500a2a8a6!8m2!3d49.4496472!4d11.0705412!16s%2Fg%2F11g2nbl20b!19sChIJTYVLiCoBokcRpqiiALUKs2M?authuser=0&hl=de&rclk=1
36,Grillmeister,90489,"Sulzbacher Str. 91, 90489 Nürnberg",4.8,944,51–100,51,100,75.5,7.41,4.519,51 bis 100 Bewertungen aufgrund von Beschwerden wegen Diffamierung entfernt.,https://www.google.com/maps/place/Grillmeister/data=!4m7!3m6!1s0x479f577ed7050a1d:0xc95ed3d5f04ffa7!8m2!3d49.4597019!4d11.1002423!16s%2Fg%2F11gldk4j6q!19sChIJHQoF135Xn0cRp_8EXz3tlQw?authuser=0&hl=de&rclk=1
37,MAHARAJA PALACE,90478,"Regensburger Str. 41, 90478 Nürnberg",4.5,773,51–100,51,100,75.5,8.9,4.189,51 bis 100 Bewertungen aufgrund von Beschwerden wegen Diffamierung entfernt.,https://www.google.com/maps/place/MAHARAJA+PALACE/data=!4m7!3m6!1s0x479f579d9b724baf:0xf8ab04b932bd21ae!8m2!3d49.445046!4d11.097283!16s%2Fg%2F1tmxdkbk!19sChIJr0tym51Xn0cRriG9MrkEq_g?authuser=0&hl=de&rclk=1
38,Espressolab,90402,"Lorenzer Pl. 3, 90402 Nürnberg",4.5,715,51–100,51,100,75.5,9.55,4.166,51 bis 100 Bewertungen aufgrund von Beschwerden wegen Diffamierung entfernt.,https://www.google.com/maps/place/Espressolab/data=!4m7!3m6!1s0x479f57dec70cfeff:0xaa68dfa8d6a41606!8m2!3d49.4513259!4d11.0786157!16s%2Fg%2F11k7s5syqf!19sChIJ__4Mx95Xn0cRBhak1qjfaKo?authuser=0&hl=de&rclk=1
39,Thai Food 2 Bärenschanze,90429,"Bärenschanzstraße 25, 90429 Nürnberg",4.5,706,51–100,51,100,75.5,9.66,4.162,51 bis 100 Bewertungen aufgrund von Beschwerden wegen Diffamierung entfernt.,https://www.google.com/maps/place/Thai+Food+2+B%C3%A4renschanze/data=!4m7!3m6!1s0x479f5654f91e6ad5:0x292ce1882f9193de!8m2!3d49.4508867!4d11.0595162!16s%2Fg%2F1v93_1h0!19sChIJ1Woe-VRWn0cR3pORL4jhLCk?authuser=0&hl=de&rclk=1
40,Ristorante Pizzeria Valentini,90480,"Kachletstraße 2, 90480 Nürnberg",4.8,662,51–100,51,100,75.5,10.24,4.411,51 bis 100 Bewertungen aufgrund von Beschwerden wegen Diffamierung entfernt.,https://www.google.com/maps/place/Ristorante+Pizzeria+Valentini/data=!4m7!3m6!1s0x410c9effd9defff7:0x1fb86f77e4088983!8m2!3d49.4434277!4d11.1247674!16s%2Fg%2F1tj3k1pb!19sChIJ9__e2f-eDEERg4kI5HdvuB8?authuser=0&hl=de&rclk=1
41,Diva Döner,90475,"Fischbacher Hauptstraße 173, 90475 Nürnberg",4.8,579,51–100,51,100,75.5,11.54,4.362,51 bis 100 Bewertungen aufgrund von Beschwerden wegen Diffamierung entfernt.,https://www.google.com/maps/place/Diva+D%C3%B6ner/data=!4m7!3m6!1s0x479f59d87567e495:0x575e04230b7c5fb4!8m2!3d49.4202236!4d11.1911873!16s%2Fg%2F11bzrl54n3!19sChIJleRnddhZn0cRtF98CyMEXlc?authuser=0&hl=de&rclk=1
42,Super Smash Burger,90409,"Löbleinstraße 50, 90409 Nürnberg",4.8,569,51–100,51,100,75.5,11.71,4.355,51 bis 100 Bewertungen aufgrund von Beschwerden wegen Diffamierung entfernt.,https://www.google.com/maps/place/Super+Smash+Burger/data=!4m7!3m6!1s0x479f57b8ba0998bd:0x7c227c419f965fa1!8m2!3d49.4648925!4d11.0877008!16s%2Fg%2F1ptwpp2rk!19sChIJvZgJurhXn0cRoV-Wn0F8Inw?authuser=0&hl=de&rclk=1
43,Deins & Meins,90429,"Deutschherrnstraße 27, 90429 Nürnberg",4.8,553,51–100,51,100,75.5,12.01,4.344,51 bis 100 Bewertungen aufgrund von Beschwerden wegen Diffamierung entfernt.,https://www.google.com/maps/place/Deins+%26+Meins/data=!4m7!3m6!1s0x479f56533fc03995:0xf423ad3c32769afd!8m2!3d49.4541612!4d11.0623032!16s%2Fg%2F1q5bnd1xf!19sChIJlTnAP1NWn0cR_Zp2MjytI_Q?authuser=0&hl=de&rclk=1
44,Bat Dat - Asia Snacks,90402,"Färberstraße 2, 90402 Nürnberg",4.7,378,51–100,51,100,75.5,16.65,4.084,51 bis 100 Bewertungen aufgrund von Beschwerden wegen Diffamierung entfernt.,https://www.google.com/maps/place/Bat+Dat+-+Asia+Snacks/data=!4m7!3m6!1s0x479f57a8d6908fed:0x59379f88d2752926!8m2!3d49.4513862!4d11.0732724!16s%2Fg%2F11c5_vs1l0!19sChIJ7Y-Q1qhXn0cRJil10oifN1k?authuser=0&hl=de&rclk=1
45,24 Seven Hotel Nürnberg,90449,"Am Birnbaum 36, 90449 Nürnberg",4,355,51–100,51,100,75.5,17.54,3.474,51 bis 100 Bewertungen aufgrund von Beschwerden wegen Diffamierung entfernt.,https://www.google.com/maps/place/24+Seven+Hotel+N%C3%BCrnberg/data=!4m10!3m9!1s0x479f56bb28411047:0x763257542420ec6d!5m2!4m1!1i2!8m2!3d49.4241388!4d11.0117385!16s%2Fg%2F11c1vmq0b1!19sChIJRxBBKLtWn0cRbewgJFRXMnY?authuser=0&hl=de&rclk=1
46,Smack Burger,90402,"Breite G. 94, 90402 Nürnberg",4.6,311,51–100,51,100,75.5,19.53,3.897,51 bis 100 Bewertungen aufgrund von Beschwerden wegen Diffamierung entfernt.,https://www.google.com/maps/place/Smack+Burger/data=!4m7!3m6!1s0x479f5700519d80bd:0xf40296221ff18240!8m2!3d49.4504868!4d11.0714912!16s%2Fg%2F11wws7btx2!19sChIJvYCdUQBXn0cRQILxHyKWAvQ?authuser=0&hl=de&rclk=1
47,Schnitzery Nürnberg,90402,"Breite G. 67, 90402 Nürnberg",4.5,269,51–100,51,100,75.5,21.92,3.733,51 bis 100 Bewertungen aufgrund von Beschwerden wegen Diffamierung entfernt.,"https://www.google.com/maps/place/Schnitzery+N%C3%BCrnberg/@49.449978,11.0735199,17z/data=!3m1!4b1!4m6!3m5!1s0x479f5793537290f3:0x369418ec26602e09!8m2!3d49.449978!4d11.0735199!16s%2Fg%2F11lyrycx33?entry=ttu&g_ep=EgoyMDI2MDQyNy4wIKXMDSoASAFQAw%3D%3D&hl=de"
48,H&B Döner,90402,"Breite G. 38, 90402 Nürnberg",4.7,262,51–100,51,100,75.5,22.37,3.872,51 bis 100 Bewertungen aufgrund von Beschwerden wegen Diffamierung entfernt.,"https://www.google.com/maps/place/H%26B+D%C3%B6ner/@49.4502254,11.07521,17z/data=!3m1!4b1!4m6!3m5!1s0x479f5794e7421d01:0x4d3914b35075ab4f!8m2!3d49.4502254!4d11.07521!16s%2Fg%2F11yfz0mjzl?entry=ttu&g_ep=EgoyMDI2MDQyNy4wIKXMDSoASAFQAw%3D%3D&hl=de"
49,Pizza del Porto,90451,"Donaustraße 105, 90451 Nürnberg",4.4,138,51–100,51,100,75.5,35.36,3.198,51 bis 100 Bewertungen aufgrund von Beschwerden wegen Diffamierung entfernt.,https://www.google.com/maps/place/Pizza+del+Porto/data=!4m7!3m6!1s0x479f57abaabea759:0x7bfc15e85cd3a7b4!8m2!3d49.4112204!4d11.0570922!16s%2Fg%2F11qmmhl93_!19sChIJWae-qqtXn0cRtKfTXOgV_Hs?authuser=0&hl=de&rclk=1
50,Toshka,90459,"Wölckernstraße 49, 90459 Nürnberg",4.9,3090,21–50,21,50,35.5,1.14,4.856,21 bis 50 Bewertungen aufgrund von Beschwerden wegen Diffamierung entfernt.,https://www.google.com/maps/place/Toshka/data=!4m7!3m6!1s0x479f577b7a997d97:0xc1a66358a24a11ca!8m2!3d49.4411124!4d11.0860282!16s%2Fg%2F11fslr58v5!19sChIJl32ZentXn0cRyhFKolhjpsE?authuser=0&hl=de&rclk=1
51,FIVE Diner I Obstmarkt 5,90403,"Obstmarkt 5, 90403 Nürnberg",4.7,2826,21–50,21,50,35.5,1.24,4.654,21 bis 50 Bewertungen aufgrund von Beschwerden wegen Diffamierung entfernt.,https://www.google.com/maps/place/FIVE+Diner+I+Obstmarkt+5/data=!4m7!3m6!1s0x479f57a565d34a27:0xcfcd23668afac219!8m2!3d49.45477!4d11.078287!16s%2Fg%2F11bvt3w5__!19sChIJJ0rTZaVXn0cRGcL6imYjzc8?authuser=0&hl=de&rclk=1
52,Du & Ich Italienisches Restaurant,90402,"Königstraße 17A, 90402 Nürnberg",4.8,2338,21–50,21,50,35.5,1.5,4.743,21 bis 50 Bewertungen aufgrund von Beschwerden wegen Diffamierung entfernt.,https://www.google.com/maps/place/Du+%26+Ich+Italienisches+Restaurant/data=!4m7!3m6!1s0x479f5799352fd5f5:0xf30e103685ba11e!8m2!3d49.4513747!4d11.0783709!16s%2Fg%2F11wnfbcfgq!19sChIJ9dUvNZlXn0cRHqFbaAPhMA8?authuser=0&hl=de&rclk=1
53,Restaurant Levantine Nürnberg,90402,"Schottengasse 1, 90402 Nürnberg",4.9,2293,21–50,21,50,35.5,1.52,4.841,21 bis 50 Bewertungen aufgrund von Beschwerden wegen Diffamierung entfernt.,https://www.google.com/maps/place/Restaurant+Levantine+N%C3%BCrnberg/data=!4m7!3m6!1s0x479f57b270c4cd99:0xbe43c9ab54a9b958!8m2!3d49.4483419!4d11.07066!16s%2Fg%2F11pd2slsbw!19sChIJmc3EcLJXn0cRWLmpVKvJQ74?authuser=0&hl=de&rclk=1
54,Pizz & Via,90402,"Königstraße 36, 90402 Nürnberg",3.7,1718,21–50,21,50,35.5,2.02,3.645,21 bis 50 Bewertungen aufgrund von Beschwerden wegen Diffamierung entfernt.,https://www.google.com/maps/place/Pizz+%26+Via/data=!4m7!3m6!1s0x479f57a66edcd07b:0xe389ec8da9d793cf!8m2!3d49.4503715!4d11.0782646!16s%2Fg%2F11bxdx370n!19sChIJe9DcbqZXn0cRz5PXqY3sieM?authuser=0&hl=de&rclk=1
55,Casa Argentina,90403,"Bergstraße 1, 90403 Nürnberg",4.9,1696,21–50,21,50,35.5,2.05,4.82,21 bis 50 Bewertungen aufgrund von Beschwerden wegen Diffamierung entfernt.,https://www.google.com/maps/place/Casa+Argentina/data=!4m7!3m6!1s0x479f57a4aaf42ff7:0x88dc8548f85823db!8m2!3d49.4564128!4d11.0754732!16s%2Fg%2F11bxg1yq6v!19sChIJ9y_0qqRXn0cR2yNY-EiF3Ig?authuser=0&hl=de&rclk=1
56,Nürnberger Döner,90403,"Innerer Laufer Pl. 12, 90403 Nürnberg",4.9,1211,21–50,21,50,35.5,2.85,4.789,21 bis 50 Bewertungen aufgrund von Beschwerden wegen Diffamierung entfernt.,https://www.google.com/maps/place/N%C3%BCrnberger+D%C3%B6ner/data=!4m7!3m6!1s0x479f5770efd5f209:0xf9161ab1e9666eec!8m2!3d49.4561911!4d11.084519!16s%2Fg%2F11sttwpxlf!19sChIJCfLV73BXn0cR7G5m6bEaFvk?authuser=0&hl=de&rclk=1
57,Sumach Restaurant,90429,"Spittlertorgraben 13, 90429 Nürnberg",4.7,1165,21–50,21,50,35.5,2.96,4.591,21 bis 50 Bewertungen aufgrund von Beschwerden wegen Diffamierung entfernt.,https://www.google.com/maps/place/Sumach+Restaurant/data=!4m7!3m6!1s0x479f57aafdd95c77:0xfe36ce11e9d19f66!8m2!3d49.4499836!4d11.0653641!16s%2Fg%2F11bwh5sb6c!19sChIJd1zZ_apXn0cRZp_R6RHONv4?authuser=0&hl=de&rclk=1
58,Taqueria & Cantina La Lucha,90489,"Adamstraße 39, 90489 Nürnberg",4.7,954,21–50,21,50,35.5,3.59,4.567,21 bis 50 Bewertungen aufgrund von Beschwerden wegen Diffamierung entfernt.,https://www.google.com/maps/place/Taqueria+%26+Cantina+La+Lucha/data=!4m7!3m6!1s0x479f5794f6602415:0xd76b059408a569e9!8m2!3d49.4622944!4d11.0988661!16s%2Fg%2F1tdwtpb2!19sChIJFSRg9pRXn0cR6WmlCJQFa9c?authuser=0&hl=de&rclk=1
59,Seoul Kitchen,90409,"Pirckheimerstraße 75, 90409 Nürnberg",4.5,877,21–50,21,50,35.5,3.89,4.364,21 bis 50 Bewertungen aufgrund von Beschwerden wegen Diffamierung entfernt.,https://www.google.com/maps/place/Seoul+Kitchen/data=!4m7!3m6!1s0x479f57b97dbcc21d:0x3645bf1d4f8f523b!8m2!3d49.4610887!4d11.0842628!16s%2Fg%2F1thsdxx5!19sChIJHcK8fblXn0cRO1KPTx2_RTY?authuser=0&hl=de&rclk=1
60,Safran Restaurant Nürnberg - Persische Spezialitäten,90461,"Allersberger Str. 47, 90461 Nürnberg",4.7,802,21–50,21,50,35.5,4.24,4.543,21 bis 50 Bewertungen aufgrund von Beschwerden wegen Diffamierung entfernt.,https://www.google.com/maps/place/Safran+Restaurant+N%C3%BCrnberg+-+Persische+Spezialit%C3%A4ten/data=!4m7!3m6!1s0x479f57751cfab377:0x69e79dcb99372865!8m2!3d49.4427696!4d11.088843!16s%2Fg%2F11b7q555pj!19sChIJd7P6HHVXn0cRZSg3mcud52k?authuser=0&hl=de&rclk=1
61,Skybar - Rooftop Bar & Events,90402,"Königstraße 11, 90402 Nürnberg",4.6,795,21–50,21,50,35.5,4.27,4.446,21 bis 50 Bewertungen aufgrund von Beschwerden wegen Diffamierung entfernt.,https://www.google.com/maps/place/Skybar+-+Rooftop+Bar+%26+Events/data=!4m7!3m6!1s0x479f57b7b8d6b1b1:0x4228d92ec907fba2!8m2!3d49.451643!4d11.0781292!16s%2Fg%2F1hc1k171d!19sChIJsbHWuLdXn0cRovsHyS7ZKEI?authuser=0&hl=de&rclk=1
62,Balkan Spezialitäten,90443,"Gostenhofer Hauptstraße 37, 90443 Nürnberg",4.7,793,21–50,21,50,35.5,4.28,4.541,21 bis 50 Bewertungen aufgrund von Beschwerden wegen Diffamierung entfernt.,https://www.google.com/maps/place/Balkan+Spezialit%C3%A4ten/data=!4m7!3m6!1s0x479f570089dbcc25:0xa40f278882fe7b3e!8m2!3d49.4465846!4d11.0644796!16s%2Fg%2F11f33vgj45!19sChIJJczbiQBXn0cRPnv-gognD6Q?authuser=0&hl=de&rclk=1
63,"MULLIGAN'S - Irish Pub, Bar und Grill",90402,"Königstraße 71, 90402 Nürnberg",4.8,789,21–50,21,50,35.5,4.31,4.636,21 bis 50 Bewertungen aufgrund von Beschwerden wegen Diffamierung entfernt.,"https://www.google.com/maps/place/MULLIGAN%27S+-+Irish+Pub,+Bar+und+Grill/data=!4m7!3m6!1s0x479f57a73b816f83:0x836ec298b0838e3b!8m2!3d49.4486187!4d11.0805091!16s%2Fg%2F11pw1sdm4f!19sChIJg2-BO6dXn0cRO46DsJjCboM?authuser=0&hl=de&rclk=1"
64,Tik Tak,90431,"Leyher Str. 4, 90431 Nürnberg",4.9,785,21–50,21,50,35.5,4.33,4.731,21 bis 50 Bewertungen aufgrund von Beschwerden wegen Diffamierung entfernt.,https://www.google.com/maps/place/Tik+Tak/data=!4m7!3m6!1s0x479f5764ab8c5a81:0xea5d51e4d1d15c3c!8m2!3d49.4492388!4d11.0348376!16s%2Fg%2F11rt_5m67c!19sChIJgVqMq2RXn0cRPFzR0eRRXeo?authuser=0&hl=de&rclk=1
65,Zum Posthorn,90429,"Pestalozzistraße 1, 90429 Nürnberg",4.6,719,21–50,21,50,35.5,4.71,4.431,21 bis 50 Bewertungen aufgrund von Beschwerden wegen Diffamierung entfernt.,https://www.google.com/maps/place/Zum+Posthorn/data=!4m7!3m6!1s0x479f565d88bcd667:0x4b6a8fafa6c4113a!8m2!3d49.457003!4d11.03827!16s%2Fg%2F1vd74xlf!19sChIJZ9a8iF1Wn0cROhHEpq-Paks?authuser=0&hl=de&rclk=1
66,Karakaya Dürüm Döner,90489,"Sulzbacher Str. 84, 90489 Nürnberg",4.7,697,21–50,21,50,35.5,4.85,4.521,21 bis 50 Bewertungen aufgrund von Beschwerden wegen Diffamierung entfernt.,https://www.google.com/maps/place/Karakaya+D%C3%BCr%C3%BCm+D%C3%B6ner/data=!4m7!3m6!1s0x479f5796aad2f591:0xa912c0632f901144!8m2!3d49.4593407!4d11.0998912!16s%2Fg%2F11gbfd5rbt!19sChIJkfXSqpZXn0cRRBGQL2PAEqk?authuser=0&hl=de&rclk=1
67,Gasthof Zur Zeitenwende,90451,"Zeitenwendepl. 4, 90451 Nürnberg",4.5,660,21–50,21,50,35.5,5.1,4.321,21 bis 50 Bewertungen aufgrund von Beschwerden wegen Diffamierung entfernt.,https://www.google.com/maps/place/Gasthof+Zur+Zeitenwende/data=!4m7!3m6!1s0x479f512ea2448df5:0xef9004157e050fdc!8m2!3d49.40352!4d11.03556!16s%2Fg%2F11b75rgkh_!19sChIJ9Y1Eoi5Rn0cR3A8FfhUEkO8?authuser=0&hl=de&rclk=1
68,Moodfaq (Simitci),90439,"Schwabacher Str. 75, 90439 Nürnberg",4.7,634,21–50,21,50,35.5,5.3,4.504,21 bis 50 Bewertungen aufgrund von Beschwerden wegen Diffamierung entfernt.,https://www.google.com/maps/place/Moodfaq+%28Simitci%29/data=!4m7!3m6!1s0x479f56fcad3dff3f:0xce08bbdc101dae98!8m2!3d49.4385309!4d11.0516033!16s%2Fg%2F11cltjhpq7!19sChIJP_89rfxWn0cRmK4dENy7CM4?authuser=0&hl=de&rclk=1
69,Tischlein deck dich,90441,"Dianastraße 43, 90441 Nürnberg",4.6,620,21–50,21,50,35.5,5.42,4.405,21 bis 50 Bewertungen aufgrund von Beschwerden wegen Diffamierung entfernt.,https://www.google.com/maps/place/Tischlein+deck+dich/data=!4m7!3m6!1s0x479f5722c9973fb9:0x663f202ae3abd448!8m2!3d49.425368!4d11.065572!16s%2Fg%2F1tcywdxf!19sChIJuT-XySJXn0cRSNSr4yogP2Y?authuser=0&hl=de&rclk=1
70,Golden Restaurant & Barbecue,90429,"Fürther Str. 37, 90429 Nürnberg",4.9,616,21–50,21,50,35.5,5.45,4.687,21 bis 50 Bewertungen aufgrund von Beschwerden wegen Diffamierung entfernt.,https://www.google.com/maps/place/Golden+Restaurant+%26+Barbecue/data=!4m7!3m6!1s0x479f5655a5c59573:0x3c8c74a125d03442!8m2!3d49.449736!4d11.0586804!16s%2Fg%2F11ltsxs6d_!19sChIJc5XFpVVWn0cRQjTQJaF0jDw?authuser=0&hl=de&rclk=1
71,Harput Imbiss,90461,"Allersberger Str. 65, 90461 Nürnberg",4.6,572,21–50,21,50,35.5,5.84,4.39,21 bis 50 Bewertungen aufgrund von Beschwerden wegen Diffamierung entfernt.,https://www.google.com/maps/place/Harput+Imbiss/data=!4m7!3m6!1s0x479f5774575737bd:0xc0fdf42b7b94065d!8m2!3d49.441796!4d11.0899237!16s%2Fg%2F11c3s9cb4l!19sChIJvTdXV3RXn0cRXQaUeyv0_cA?authuser=0&hl=de&rclk=1
72,globo Restaurant,90403,"Theresienpl. 1, 90403 Nürnberg",4.8,543,21–50,21,50,35.5,6.14,4.567,21 bis 50 Bewertungen aufgrund von Beschwerden wegen Diffamierung entfernt.,https://www.google.com/maps/place/globo+Restaurant/data=!4m7!3m6!1s0x479f57dc537aedb1:0x374208fedcbe0648!8m2!3d49.4556472!4d11.0801672!16s%2Fg%2F11g0m4qp06!19sChIJse16U9xXn0cRSAa-3P4IQjc?authuser=0&hl=de&rclk=1
73,Kilians Irish Pub,90402,"Hallpl. 21, 90402 Nürnberg",4.7,541,21–50,21,50,35.5,6.16,4.472,21 bis 50 Bewertungen aufgrund von Beschwerden wegen Diffamierung entfernt.,https://www.google.com/maps/place/Kilians+Irish+Pub/data=!4m7!3m6!1s0x479f57b7127dba9f:0xc46c8ca8371f1410!8m2!3d49.4488638!4d11.0782148!16s%2Fg%2F11nxpmxk2h!19sChIJn7p9ErdXn0cREBQfN6iMbMQ?authuser=0&hl=de&rclk=1
74,Burg Café Beer,90403,"Auf der, Burg 13, 90403 Nürnberg",4.7,493,21–50,21,50,35.5,6.72,4.451,21 bis 50 Bewertungen aufgrund von Beschwerden wegen Diffamierung entfernt.,https://www.google.com/maps/place/Burg+Caf%C3%A9+Beer/data=!4m7!3m6!1s0x479f57fb139849fd:0x3173eeb0d1c0f6ed!8m2!3d49.4579779!4d11.0762549!16s%2Fg%2F11r_x1lqh5!19sChIJ_UmYE_tXn0cR7fbA0bDuczE?authuser=0&hl=de&rclk=1
75,Aleppo Küche,90443,"Tafelfeldstraße 28, 90443 Nürnberg",4.4,431,21–50,21,50,35.5,7.61,4.141,21 bis 50 Bewertungen aufgrund von Beschwerden wegen Diffamierung entfernt.,https://www.google.com/maps/place/Aleppo+K%C3%BCche/data=!4m7!3m6!1s0x479f57689aa5bbe3:0x952dab2a822820f7!8m2!3d49.4414817!4d11.075801!16s%2Fg%2F11s8l01wfm!19sChIJ47ulmmhXn0cR9yAogiqrLZU?authuser=0&hl=de&rclk=1
76,"Barockhäusle Restaurant, Biergarten, Wein- & Bierstube bei Rosi",90419,"Johannisstraße 47, 90419 Nürnberg",4.7,426,21–50,21,50,35.5,7.69,4.415,21 bis 50 Bewertungen aufgrund von Beschwerden wegen Diffamierung entfernt.,"https://www.google.com/maps/place/Barockh%C3%A4usle+Restaurant,+Biergarten,+Wein-+%26+Bierstube+bei+Rosi/data=!4m7!3m6!1s0x479f564d6e9fff2b:0x9ad69213dbc72fb2!8m2!3d49.4586228!4d11.0636792!16s%2Fg%2F1tf39jkm!19sChIJK_-fbk1Wn0cRsi_H2xOS1po?authuser=0&hl=de&rclk=1"
77,OCAKBASİ RESTAURANT,90443,"Gartenstraße 2, 90443 Nürnberg",4.7,361,21–50,21,50,35.5,8.95,4.369,21 bis 50 Bewertungen aufgrund von Beschwerden wegen Diffamierung entfernt.,https://www.google.com/maps/place/OCAKBAS%C4%B0+RESTAURANT/data=!4m7!3m6!1s0x479f57d4527bd4e3:0x46648a4727b87e52!8m2!3d49.4463842!4d11.0642057!16s%2Fg%2F11vkjyfwgy!19sChIJ49R7UtRXn0cRUn64J0eKZEY?authuser=0&hl=de&rclk=1
78,Pizza Super Pizza,90475,"Freystädter Str. 137, 90475 Nürnberg",4.9,349,21–50,21,50,35.5,9.23,4.54,21 bis 50 Bewertungen aufgrund von Beschwerden wegen Diffamierung entfernt.,https://www.google.com/maps/place/Pizza+Super+Pizza/data=!4m7!3m6!1s0x479f5971d8398fff:0xee9465ad60316c1a!8m2!3d49.4096943!4d11.1682727!16s%2Fg%2F1tgg8z9m!19sChIJ_4852HFZn0cRGmwxYK1llO4?authuser=0&hl=de&rclk=1
79,K&F Döner Haus,90491,"Leipziger Pl. 1-3, 90491 Nürnberg",4.8,341,21–50,21,50,35.5,9.43,4.442,21 bis 50 Bewertungen aufgrund von Beschwerden wegen Diffamierung entfernt.,https://www.google.com/maps/place/K%26F+D%C3%B6ner+Haus/data=!4m7!3m6!1s0x479f57f43056e5e9:0x5dd414f421ae1ef5!8m2!3d49.4716986!4d11.1029731!16s%2Fg%2F11mtjl1864!19sChIJ6eVWMPRXn0cR9R6uIfQU1F0?authuser=0&hl=de&rclk=1
80,Restaurante Pizzeria Quattro Stagioni,90489,"Heerwagenstraße 21, 90489 Nürnberg",4.8,331,21–50,21,50,35.5,9.69,4.432,21 bis 50 Bewertungen aufgrund von Beschwerden wegen Diffamierung entfernt.,https://www.google.com/maps/place/Restaurante+Pizzeria+Quattro+Stagioni/data=!4m7!3m6!1s0x479f579378f71d45:0x70eb8738eea5d3e9!8m2!3d49.4620235!4d11.1014682!16s%2Fg%2F1vxcvdl_!19sChIJRR33eJNXn0cR6dOl7jiH63A?authuser=0&hl=de&rclk=1
81,Halis Yaprak Döner Nürnberg,90478,"Strauchstraße 1, 90478 Nürnberg",4.9,324,21–50,21,50,35.5,9.87,4.515,21 bis 50 Bewertungen aufgrund von Beschwerden wegen Diffamierung entfernt.,https://www.google.com/maps/place/Halis+Yaprak+D%C3%B6ner+N%C3%BCrnberg/data=!4m7!3m6!1s0x479f57cdda0c1c5d:0x1266882e036b706!8m2!3d49.44326!4d11.0885748!16s%2Fg%2F11ngjhqy33!19sChIJXRwM2s1Xn0cRBrc24IJoJgE?authuser=0&hl=de&rclk=1
82,Espressolab,90403,"Theresienstraße 14, 90403 Nürnberg",4.3,319,21–50,21,50,35.5,10.01,3.97,21 bis 50 Bewertungen aufgrund von Beschwerden wegen Diffamierung entfernt.,https://www.google.com/maps/place/Espressolab/data=!4m7!3m6!1s0x479f57a417bf3037:0x2eea52e4f5fb5bf5!8m2!3d49.4556109!4d11.0788804!16s%2Fg%2F11v0c7gb78!19sChIJNzC_F6RXn0cR9Vv79eRS6i4?authuser=0&hl=de&rclk=1
83,Pizzeria Bella Nürnberg,90459,"Karl-Bröger-Straße 10, 90459 Nürnberg",4.9,308,21–50,21,50,35.5,10.33,4.497,21 bis 50 Bewertungen aufgrund von Beschwerden wegen Diffamierung entfernt.,https://www.google.com/maps/place/Pizzeria+Bella+N%C3%BCrnberg/data=!4m7!3m6!1s0x479f57ac490f9319:0x37c0749a58f6e27!8m2!3d49.443645!4d11.0779012!16s%2Fg%2F11sltp_nm8!19sChIJGZMPSaxXn0cRJ26PpUkHfAM?authuser=0&hl=de&rclk=1
84,Pizzeria Ristorante Romano,90419,"Johannisstraße 96, 90419 Nürnberg",4.6,291,21–50,21,50,35.5,10.87,4.209,21 bis 50 Bewertungen aufgrund von Beschwerden wegen Diffamierung entfernt.,https://www.google.com/maps/place/Pizzeria+Ristorante+Romano/data=!4m7!3m6!1s0x479f564e5a3f346b:0x3b91b91b26dea972!8m2!3d49.46064!4d11.0571569!16s%2Fg%2F1tzzthmv!19sChIJazQ_Wk5Wn0cRcqneJhu5kTs?authuser=0&hl=de&rclk=1
85,Smashpoint,90402,"Brunnengasse 29, 90402 Nürnberg",4.8,285,21–50,21,50,35.5,11.08,4.379,21 bis 50 Bewertungen aufgrund von Beschwerden wegen Diffamierung entfernt.,https://www.google.com/maps/place/Smashpoint/data=!4m7!3m6!1s0x479f570b722a49a1:0xb7b455ff38242aa0!8m2!3d49.4502987!4d11.0756084!16s%2Fg%2F11w8tty5yx!19sChIJoUkqcgtXn0cRoCokOP9VtLc?authuser=0&hl=de&rclk=1
86,Wild Child coffee & eatery,90402,"Karolinenstraße 55, 90402 Nürnberg",4.5,276,21–50,21,50,35.5,11.4,4.101,21 bis 50 Bewertungen aufgrund von Beschwerden wegen Diffamierung entfernt.,"https://www.google.com/maps/place/Wild+Child+coffee+%26+eatery/@49.4509202,11.0734981,17z/data=!3m1!4b1!4m6!3m5!1s0x479f5711994674f5:0x501d69cef2c13902!8m2!3d49.4509202!4d11.0734981!16s%2Fg%2F11yf595cwj?entry=ttu&g_ep=EgoyMDI2MDQyNy4wIKXMDSoASAFQAw%3D%3D&hl=de"
87,Cookie Couture Nürnberg,90402,"Karolinenstraße 42-44, 90402 Nürnberg",4.2,271,21–50,21,50,35.5,11.58,3.829,21 bis 50 Bewertungen aufgrund von Beschwerden wegen Diffamierung entfernt.,https://www.google.com/maps/place/Cookie+Couture+N%C3%BCrnberg/data=!4m7!3m6!1s0x479f570030d1849d:0x1650b4b4c3736daa!8m2!3d49.4511772!4d11.0734077!16s%2Fg%2F11x_g3x_h2!19sChIJnYTRMABXn0cRqm1zw7S0UBY?authuser=0&hl=de&rclk=1
88,CAFÉ SÜSS & SALZIG,90469,"Paumannstraße 37, 90469 Nürnberg",4.6,265,21–50,21,50,35.5,11.81,4.175,21 bis 50 Bewertungen aufgrund von Beschwerden wegen Diffamierung entfernt.,https://www.google.com/maps/place/CAF%C3%89+S%C3%9CSS+%26+SALZIG/data=!4m7!3m6!1s0x479f57b23c6fe4f1:0xe9d0fa427e704157!8m2!3d49.4128829!4d11.0793323!16s%2Fg%2F11l6ryphhd!19sChIJ8eRvPLJXn0cRV0FwfkL60Ok?authuser=0&hl=de&rclk=1
89,dean&david,90443,"Bahnhofspl. 9, 90443 Nürnberg",3.8,264,21–50,21,50,35.5,11.85,3.468,21 bis 50 Bewertungen aufgrund von Beschwerden wegen Diffamierung entfernt.,https://www.google.com/maps/place/dean%26david/data=!4m7!3m6!1s0x479f57bb350ebe45:0x5ba07b4c3bfb29bd!8m2!3d49.4458539!4d11.0816182!16s%2Fg%2F11cl_klh74!19sChIJRb4ONbtXn0cRvSn7O0x7oFs?authuser=0&hl=de&rclk=1
90,MOGGI Asian Kitchen & Bar GmbH,90403,"Katharinengasse 14, 90403 Nürnberg",4.5,236,21–50,21,50,35.5,13.08,4.042,21 bis 50 Bewertungen aufgrund von Beschwerden wegen Diffamierung entfernt.,https://www.google.com/maps/place/MOGGI+Asian+Kitchen+%26+Bar+GmbH/data=!4m7!3m6!1s0x479f570029adf7b3:0x4105d60dafa6d1f5!8m2!3d49.4511438!4d11.0819695!16s%2Fg%2F11lmnhpjpb!19sChIJs_etKQBXn0cR9dGmrw3WBUE?authuser=0&hl=de&rclk=1
91,Istanbul Döner Burger Pizza,90482,"Marthastraße 40, 90482 Nürnberg",4.8,230,21–50,21,50,35.5,13.37,4.292,21 bis 50 Bewertungen aufgrund von Beschwerden wegen Diffamierung entfernt.,https://www.google.com/maps/place/Istanbul+D%C3%B6ner+Burger+Pizza/data=!4m7!3m6!1s0x479f5775df234b31:0x478a1e7ae1dfd2a2!8m2!3d49.4535352!4d11.113926!16s%2Fg%2F11q7t7b6x7!19sChIJMUsj33VXn0cRotLf4Xoeikc?authuser=0&hl=de&rclk=1
92,Steak Döner,90402,"Ludwigstraße 51, 90402 Nürnberg",4.9,187,21–50,21,50,35.5,15.96,4.278,21 bis 50 Bewertungen aufgrund von Beschwerden wegen Diffamierung entfernt.,https://www.google.com/maps/place/Steak+D%C3%B6ner/data=!4m7!3m6!1s0x479f5722377937f5:0x9588b2cf883f0e3c!8m2!3d49.4490458!4d11.0687113!16s%2Fg%2F11ysb7k_s2!19sChIJ9Td5NyJXn0cRPA4_iM-yiJU?authuser=0&hl=de&rclk=1
93,Euphrat-Schnellimbiss,90459,"Aufseßpl. 17, 90459 Nürnberg",4.8,173,21–50,21,50,35.5,17.03,4.153,21 bis 50 Bewertungen aufgrund von Beschwerden wegen Diffamierung entfernt.,https://www.google.com/maps/place/Euphrat-Schnellimbiss/data=!4m7!3m6!1s0x479f57f2a6cf0b75:0xb655bdcafa0ebf41!8m2!3d49.4412512!4d11.0801989!16s%2Fg%2F11ghpzf_82!19sChIJdQvPpvJXn0cRQb8O-sq9VbY?authuser=0&hl=de&rclk=1
94,Pizza da rosa,90473,"Görlitzer Str. 20, 90473 Nürnberg",4.6,166,21–50,21,50,35.5,17.62,3.966,21 bis 50 Bewertungen aufgrund von Beschwerden wegen Diffamierung entfernt.,https://www.google.com/maps/place/Pizza+da+rosa/data=!4m7!3m6!1s0x479f5a27b22403a5:0x828b62bba6f0b969!8m2!3d49.3972987!4d11.1338485!16s%2Fg%2F1tcwkkl4!19sChIJpQMksidan0cRabnwprtii4I?authuser=0&hl=de&rclk=1
95,Pizzeria Pomodoro,90453,"Seitzstraße 3, 90453 Nürnberg",4.7,164,21–50,21,50,35.5,17.79,4.042,21 bis 50 Bewertungen aufgrund von Beschwerden wegen Diffamierung entfernt.,https://www.google.com/maps/place/Pizzeria+Pomodoro/data=!4m7!3m6!1s0x479f574c11b9eea9:0x69d7f890343519d7!8m2!3d49.3767735!4d11.0249082!16s%2Fg%2F11clzh762k!19sChIJqe65EUxXn0cR1xk1NJD412k?authuser=0&hl=de&rclk=1
96,IU & On,90419,"Roritzerstraße 10, 90419 Nürnberg",4.8,93,21–50,21,50,35.5,27.63,3.75,21 bis 50 Bewertungen aufgrund von Beschwerden wegen Diffamierung entfernt.,https://www.google.com/maps/place/IU+%26+On/data=!4m7!3m6!1s0x479f57b3a5ee7c67:0x9b98e2f1b25fc842!8m2!3d49.4603596!4d11.0703826!16s%2Fg%2F1tdc_p4g!19sChIJZ3zupbNXn0cRQshfsvHimJs?authuser=0&hl=de&rclk=1
97,Ankara Bäckerei Nürnberg,90443,"Gibitzenhofstraße 72, 90443 Nürnberg",4.6,82,21–50,21,50,35.5,30.21,3.512,21 bis 50 Bewertungen aufgrund von Beschwerden wegen Diffamierung entfernt.,https://www.google.com/maps/place/Ankara+B%C3%A4ckerei+N%C3%BCrnberg/data=!4m7!3m6!1s0x479f57052a417ba3:0x79f86a1ea240ecfb!8m2!3d49.4370999!4d11.0674544!16s%2Fg%2F11dxs8vjyh!19sChIJo3tBKgVXn0cR--xAoh5q-Hk?authuser=0&hl=de&rclk=1
98,Bäckerei Drexler,90473,"Oppelner Str. 223, 90473 Nürnberg",4.6,71,21–50,21,50,35.5,33.33,3.4,21 bis 50 Bewertungen aufgrund von Beschwerden wegen Diffamierung entfernt.,https://www.google.com/maps/place/B%C3%A4ckerei+Drexler/data=!4m7!3m6!1s0x479f597d21130263:0xba3979cbc0e1eff2!8m2!3d49.4015814!4d11.1350744!16s%2Fg%2F11j15mt1_t!19sChIJYwITIX1Zn0cR8u_hwMt5Obo?authuser=0&hl=de&rclk=1
99,Asia Food,90478,"Scheurlstraße 33, 90478 Nürnberg",4.5,66,21–50,21,50,35.5,34.98,3.276,21 bis 50 Bewertungen aufgrund von Beschwerden wegen Diffamierung entfernt.,https://www.google.com/maps/place/Asia+Food/data=!4m7!3m6!1s0x479f577515dfd4db:0xba71f40116cc05e7!8m2!3d49.4434872!4d11.0886821!16s%2Fg%2F1pt_1683s!19sChIJ29TfFXVXn0cR5wXMFgH0cbo?authuser=0&hl=de&rclk=1
100,Travolta Nürnberg,90403,"Adlerstraße 28, 90403 Nürnberg",4.7,3263,11–20,11,20,15.5,0.47,4.683,11 bis 20 Bewertungen aufgrund von Beschwerden wegen Diffamierung entfernt.,https://www.google.com/maps/place/Travolta+N%C3%BCrnberg/data=!4m7!3m6!1s0x479f57a636b79c8b:0xf8eaa3c7c945be97!8m2!3d49.4519679!4d11.0753612!16s%2Fg%2F11fxvpyy6w!19sChIJi5y3NqZXn0cRl75Fycej6vg?authuser=0&hl=de&rclk=1
101,Sangam Indisches Restaurant Nürnberg,90402,"Königstraße 87, 90402 Nürnberg",4.7,2382,11–20,11,20,15.5,0.65,4.676,11 bis 20 Bewertungen aufgrund von Beschwerden wegen Diffamierung entfernt.,https://www.google.com/maps/place/Sangam+Indisches+Restaurant+N%C3%BCrnberg/data=!4m7!3m6!1s0x479f57a728657509:0x4e1ee25672dc0258!8m2!3d49.4481874!4d11.0813143!16s%2Fg%2F1tdc_p48!19sChIJCXVlKKdXn0cRWALcclbiHk4?authuser=0&hl=de&rclk=1
102,994 GINZA - Sushi | Izakaya,90443,"Rothenburger Str. 9, 90443 Nürnberg",4.8,1517,11–20,11,20,15.5,1.01,4.762,11 bis 20 Bewertungen aufgrund von Beschwerden wegen Diffamierung entfernt.,https://www.google.com/maps/place/994+GINZA+-+Sushi+%7C+Izakaya/data=!4m7!3m6!1s0x479f5738224e93cf:0xff48f8e6eec8bf11!8m2!3d49.4474678!4d11.062733!16s%2Fg%2F11j5j2krnx!19sChIJz5NOIjhXn0cREb_I7ub4SP8?authuser=0&hl=de&rclk=1
103,LêBar,90402,"Luitpoldstraße 16, 90402 Nürnberg",4.7,1456,11–20,11,20,15.5,1.05,4.661,11 bis 20 Bewertungen aufgrund von Beschwerden wegen Diffamierung entfernt.,https://www.google.com/maps/place/L%C3%AABar/data=!4m7!3m6!1s0x479f57a707651117:0x46b91c554b481989!8m2!3d49.4482537!4d11.0783232!16s%2Fg%2F11cssztjm4!19sChIJFxFlB6dXn0cRiRlIS1UcuUY?authuser=0&hl=de&rclk=1
104,Hotel und Restaurant im Pillhofer,90402,"Königstraße 78, 90402 Nürnberg",4.6,1382,11–20,11,20,15.5,1.11,4.56,11 bis 20 Bewertungen aufgrund von Beschwerden wegen Diffamierung entfernt.,https://www.google.com/maps/place/Hotel+und+Restaurant+im+Pillhofer/data=!4m10!3m9!1s0x479f57a72ff70bad:0x72982e091be58bd7!5m2!4m1!1i2!8m2!3d49.4478238!4d11.0808299!16s%2Fg%2F1vv2r770!19sChIJrQv3L6dXn0cR14vlGwkumHI?authuser=0&hl=de&rclk=1
105,Zeit & Raum,90403,"Wespennest 2, 90403 Nürnberg",4.5,1333,11–20,11,20,15.5,1.15,4.46,11 bis 20 Bewertungen aufgrund von Beschwerden wegen Diffamierung entfernt.,https://www.google.com/maps/place/Zeit+%26+Raum/data=!4m7!3m6!1s0x479f57a43fb81169:0xf8f9b2cdd078649d!8m2!3d49.452041!4d11.0817069!16s%2Fg%2F1tdk44y6!19sChIJaRG4P6RXn0cRnWR40M2y-fg?authuser=0&hl=de&rclk=1
106,SAN REMO Fine.Food.Hotel,90451,"Eibacher Hauptstraße 85, 90451 Nürnberg",4.6,1103,11–20,11,20,15.5,1.39,4.55,11 bis 20 Bewertungen aufgrund von Beschwerden wegen Diffamierung entfernt.,https://www.google.com/maps/place/SAN+REMO+Fine.Food.Hotel/data=!4m10!3m9!1s0x479f5128dabe577b:0x90d3763a9a275f18!5m2!4m1!1i2!8m2!3d49.40068!4d11.03693!16s%2Fg%2F1tcxc5w1!19sChIJe1e-2ihRn0cRGF8nmjp205A?authuser=0&hl=de&rclk=1
107,WurstDurst,90402,"Luitpoldstraße 13, 90402 Nürnberg",4.6,979,11–20,11,20,15.5,1.56,4.544,11 bis 20 Bewertungen aufgrund von Beschwerden wegen Diffamierung entfernt.,https://www.google.com/maps/place/WurstDurst/data=!4m7!3m6!1s0x479f57a70597a3a9:0x1834c4596c5d900f!8m2!3d49.4479678!4d11.0789255!16s%2Fg%2F1hc0sryvy!19sChIJqaOXBadXn0cRD5BdbFnENBg?authuser=0&hl=de&rclk=1
108,Hidden Kitchen,90429,"Tassilostraße 10, 90429 Nürnberg",4.8,962,11–20,11,20,15.5,1.59,4.74,11 bis 20 Bewertungen aufgrund von Beschwerden wegen Diffamierung entfernt.,https://www.google.com/maps/place/Hidden+Kitchen/data=!4m7!3m6!1s0x479f57cb9d1603c5:0x6291aff57e12fc7e!8m2!3d49.4615!4d11.02102!16s%2Fg%2F11frsxtwzn!19sChIJxQMWnctXn0cRfvwSfvWvkWI?authuser=0&hl=de&rclk=1
109,Das Moor - Fränkische Spezialitäten,90402,"Färberstraße 3, 90402 Nürnberg",4.4,952,11–20,11,20,15.5,1.6,4.346,11 bis 20 Bewertungen aufgrund von Beschwerden wegen Diffamierung entfernt.,https://www.google.com/maps/place/Das+Moor+-+Fr%C3%A4nkische+Spezialit%C3%A4ten/data=!4m7!3m6!1s0x479f57a8dbce5bf7:0x49a1cc5f78d12029!8m2!3d49.4507095!4d11.0732511!16s%2Fg%2F1tg85nf2!19sChIJ91vO26hXn0cRKSDReF_MoUk?authuser=0&hl=de&rclk=1
110,Streetfood 90439,90439,"Rothenburger Str. 134, 90439 Nürnberg",4.9,949,11–20,11,20,15.5,1.61,4.837,11 bis 20 Bewertungen aufgrund von Beschwerden wegen Diffamierung entfernt.,https://www.google.com/maps/place/Streetfood+90439/data=!4m7!3m6!1s0x479f573a266d0af3:0x936ab372976c5c10!8m2!3d49.4428789!4d11.0515001!16s%2Fg%2F11s34nz8v9!19sChIJ8wptJjpXn0cREFxsl3KzapM?authuser=0&hl=de&rclk=1
111,Falco Manufaktur,90402,"Luitpoldstraße 12, 90402 Nürnberg",4.7,877,11–20,11,20,15.5,1.74,4.636,11 bis 20 Bewertungen aufgrund von Beschwerden wegen Diffamierung entfernt.,https://www.google.com/maps/place/Falco+Manufaktur/data=!4m7!3m6!1s0x479f57837fadcdf3:0xaed3e667b28a7833!8m2!3d49.4482874!4d11.0789462!16s%2Fg%2F11r6z15dd4!19sChIJ882tf4NXn0cRM3iKsmfm064?authuser=0&hl=de&rclk=1
112,The Hummus Connection,90403,"Äußerer Laufer Pl. 9, 90403 Nürnberg",4.8,782,11–20,11,20,15.5,1.94,4.726,11 bis 20 Bewertungen aufgrund von Beschwerden wegen Diffamierung entfernt.,https://www.google.com/maps/place/The+Hummus+Connection/data=!4m7!3m6!1s0x479f57d0ecb8c7f7:0x77f7dac1ee830c5b!8m2!3d49.45749!4d11.0867098!16s%2Fg%2F11vcr8phmb!19sChIJ98e47NBXn0cRWwyD7sHa93c?authuser=0&hl=de&rclk=1
113,Cafe - Restaurant - Eventhalle Gartenstadt,90469,"Buchenschlag 1, 90469 Nürnberg",4.7,778,11–20,11,20,15.5,1.95,4.628,11 bis 20 Bewertungen aufgrund von Beschwerden wegen Diffamierung entfernt.,https://www.google.com/maps/place/Cafe+-+Restaurant+-+Eventhalle+Gartenstadt/data=!4m7!3m6!1s0x479f574859999f5b:0x6d03e62c3e1a2c46!8m2!3d49.4132297!4d11.0775775!16s%2Fg%2F1tknjfx9!19sChIJW5-ZWUhXn0cRRiwaPizmA20?authuser=0&hl=de&rclk=1
114,LA TRAT-TORIA HOLZOFENPIZZERIA TRADITION AUS DEM HOLZOFEN Nürnberg,90480,"Zerzabelshofstraße 60, 90480 Nürnberg",4.8,672,11–20,11,20,15.5,2.25,4.714,11 bis 20 Bewertungen aufgrund von Beschwerden wegen Diffamierung entfernt.,https://www.google.com/maps/place/LA+TRAT-TORIA+HOLZOFENPIZZERIA+TRADITION+AUS+DEM+HOLZOFEN+N%C3%BCrnberg/data=!4m7!3m6!1s0x479f578074916b83:0x54ee20e0789636b7!8m2!3d49.444032!4d11.1137895!16s%2Fg%2F11b7lm2lsn!19sChIJg2uRdIBXn0cRtzaWeOAg7lQ?authuser=0&hl=de&rclk=1
115,Das blaue Haus - Restaurant,90461,"Allersberger Str. 185, 90461 Nürnberg",4.5,638,11–20,11,20,15.5,2.37,4.417,11 bis 20 Bewertungen aufgrund von Beschwerden wegen Diffamierung entfernt.,https://www.google.com/maps/place/Das+blaue+Haus+-+Restaurant/data=!4m7!3m6!1s0x479f576544445221:0xb9c9a345b632441!8m2!3d49.4327542!4d11.0968561!16s%2Fg%2F1tftq28k!19sChIJIVJERGVXn0cRQSRjWzSanAs?authuser=0&hl=de&rclk=1
116,Oggi Trattoria della Nonna,90403,"Augustinerstraße 2, 90403 Nürnberg",4.6,635,11–20,11,20,15.5,2.38,4.514,11 bis 20 Bewertungen aufgrund von Beschwerden wegen Diffamierung entfernt.,https://www.google.com/maps/place/Oggi+Trattoria+della+Nonna/data=!4m7!3m6!1s0x479f57495d8cca9d:0x23b042efaafe914!8m2!3d49.4545867!4d11.0756367!16s%2Fg%2F11vl8s_zns!19sChIJncqMXUlXn0cRFOmv-i4EOwI?authuser=0&hl=de&rclk=1
117,𝙇𝘼𝘿𝙄𝘿𝘼,90461,"Sperberstraße 72, 90461 Nürnberg",4.7,424,11–20,11,20,15.5,3.53,4.57,11 bis 20 Bewertungen aufgrund von Beschwerden wegen Diffamierung entfernt.,https://www.google.com/maps/place/%F0%9D%99%87%F0%9D%98%BC%F0%9D%98%BF%F0%9D%99%84%F0%9D%98%BF%F0%9D%98%BC/data=!4m7!3m6!1s0x479f57f7275f09b1:0xb029213172c208ea!8m2!3d49.4316352!4d11.0861243!16s%2Fg%2F11t7byw5qq!19sChIJsQlfJ_dXn0cR6gjCcjEhKbA?authuser=0&hl=de&rclk=1
118,Gaststätte Schützenhaus Katzwang,90453,"Helmut-Bloß-Straße 4, 90453 Nürnberg",4.6,418,11–20,11,20,15.5,3.58,4.471,11 bis 20 Bewertungen aufgrund von Beschwerden wegen Diffamierung entfernt.,https://www.google.com/maps/place/Gastst%C3%A4tte+Sch%C3%BCtzenhaus+Katzwang/data=!4m7!3m6!1s0x479f5067f8b1009f:0x96aa629e2939bbc1!8m2!3d49.3563194!4d11.0515527!16s%2Fg%2F11c70hk5r7!19sChIJnwCx-GdQn0cRwbs5KZ5iqpY?authuser=0&hl=de&rclk=1
119,Rainer Kerschers Imbiss,90763,"Schwabacher Str. 335, 90763 Fürth",4.6,413,11–20,11,20,15.5,3.62,4.47,11 bis 20 Bewertungen aufgrund von Beschwerden wegen Diffamierung entfernt.,https://www.google.com/maps/place/Rainer+Kerschers+Imbiss/data=!4m7!3m6!1s0x479f569acb4e09b9:0x995c673bcdbcc216!8m2!3d49.4453696!4d10.9917521!16s%2Fg%2F1tmptzpj!19sChIJuQlOy5pWn0cRFsK8zTtnXJk?authuser=0&hl=de&rclk=1
120,Restaurant Pavarotti,90471,"Neuselsbrunn 6, 90471 Nürnberg",4.6,359,11–20,11,20,15.5,4.14,4.451,11 bis 20 Bewertungen aufgrund von Beschwerden wegen Diffamierung entfernt.,https://www.google.com/maps/place/Restaurant+Pavarotti/data=!4m7!3m6!1s0x479f59e57ae201f3:0x29d9fa29863d34ac!8m2!3d49.413666!4d11.114895!16s%2Fg%2F1tl0wb9m!19sChIJ8wHieuVZn0cRrDQ9hin62Sk?authuser=0&hl=de&rclk=1
121,HOTEL GARNI Nürnberger Trichter,90475,"Löwenberger Str. 147, 90475 Nürnberg",4.6,355,11–20,11,20,15.5,4.18,4.449,11 bis 20 Bewertungen aufgrund von Beschwerden wegen Diffamierung entfernt.,https://www.google.com/maps/place/HOTEL+GARNI+N%C3%BCrnberger+Trichter/data=!4m10!3m9!1s0x479f596dcc5bb6db:0x9e17232dd05104d7!5m2!4m1!1i2!8m2!3d49.4121159!4d11.1724204!16s%2Fg%2F1vxcvdmh!19sChIJ27ZbzG1Zn0cR1wRR0C0jF54?authuser=0&hl=de&rclk=1
122,FIVE Diner II Ostendstraße 83,90482,"Ostendstraße 83, 90482 Nürnberg",4.7,354,11–20,11,20,15.5,4.19,4.545,11 bis 20 Bewertungen aufgrund von Beschwerden wegen Diffamierung entfernt.,https://www.google.com/maps/place/FIVE+Diner+II+Ostendstra%C3%9Fe+83/data=!4m7!3m6!1s0x479f5788f3a727f3:0x63bc7ff1afb7a753!8m2!3d49.4543838!4d11.1143625!16s%2Fg%2F11d_tqk02v!19sChIJ8yen84hXn0cRU6e3r_F_vGM?authuser=0&hl=de&rclk=1
123,"Bruderherz Nürnberg - Brauwerkstatt, Gutmann Gastwirtschaft, Stehausschank",90402,"Luitpoldstraße 15, 90402 Nürnberg",4.7,340,11–20,11,20,15.5,4.36,4.539,11 bis 20 Bewertungen aufgrund von Beschwerden wegen Diffamierung entfernt.,"https://www.google.com/maps/place/Bruderherz+N%C3%BCrnberg+-+Brauwerkstatt,+Gutmann+Gastwirtschaft,+Stehausschank/data=!4m7!3m6!1s0x479f575c87dce62f:0x85c3fb7caea5312b!8m2!3d49.4479685!4d11.0787306!16s%2Fg%2F11xcd302l0!19sChIJL-bch1xXn0cRKzGlrnz7w4U?authuser=0&hl=de&rclk=1"
124,Pension Geiger,90547,"Unterweihersbucher Str. 12, 90547 Stein",4.7,309,11–20,11,20,15.5,4.78,4.523,11 bis 20 Bewertungen aufgrund von Beschwerden wegen Diffamierung entfernt.,https://www.google.com/maps/place/Pension+Geiger/data=!4m7!3m6!1s0x479f51539c3e182d:0xa6dc888be834a5e0!8m2!3d49.409929!4d11.000176!16s%2Fg%2F1v93_1gn!19sChIJLRg-nFNRn0cR4KU06IuI3KY?authuser=0&hl=de&rclk=1
125,Pizzeria Lamia,90766,"Gaußstraße 37, 90766 Fürth",4.8,263,11–20,11,20,15.5,5.57,4.589,11 bis 20 Bewertungen aufgrund von Beschwerden wegen Diffamierung entfernt.,https://www.google.com/maps/place/Pizzeria+Lamia/data=!4m7!3m6!1s0x479f556d81795555:0x3e15f430daa2ec20!8m2!3d49.481564!4d10.952295!16s%2Fg%2F11h64_tdpx!19sChIJVVV5gW1Vn0cRIOyi2jD0FT4?authuser=0&hl=de&rclk=1
126,MESA,90443,"Tafelfeldstraße 73, 90443 Nürnberg",4.9,254,11–20,11,20,15.5,5.75,4.676,11 bis 20 Bewertungen aufgrund von Beschwerden wegen Diffamierung entfernt.,https://www.google.com/maps/place/MESA/data=!4m7!3m6!1s0x479f572aefd098fb:0x55d3ba423081d302!8m2!3d49.4385713!4d11.0771658!16s%2Fg%2F11vz583gb4!19sChIJ-5jQ7ypXn0cRAtOBMEK601U?authuser=0&hl=de&rclk=1
127,Pizzeria Paesana,90461,"Allersberger Str. 94, 90461 Nürnberg",5,225,11–20,11,20,15.5,6.44,4.742,11 bis 20 Bewertungen aufgrund von Beschwerden wegen Diffamierung entfernt.,https://www.google.com/maps/place/Pizzeria+Paesana/data=!4m7!3m6!1s0x479f57fdf4c716f1:0xc096d10004f64070!8m2!3d49.439612!4d11.0900837!16s%2Fg%2F11rzqdckqb!19sChIJ8RbH9P1Xn0cRcED2BADRlsA?authuser=0&hl=de&rclk=1
128,CULINA,90409,"Schleifweg 31-33, 90409 Nürnberg",4.6,180,11–20,11,20,15.5,7.93,4.315,11 bis 20 Bewertungen aufgrund von Beschwerden wegen Diffamierung entfernt.,https://www.google.com/maps/place/CULINA/data=!4m7!3m6!1s0x479f57c605e08f4d:0xb512d9611a1681a5!8m2!3d49.4709282!4d11.0850807!16s%2Fg%2F1tg5b2ns!19sChIJTY_gBcZXn0cRpYEWGmHZErU?authuser=0&hl=de&rclk=1
129,Orko,90403,"Hans-Sachs-Platz 10, 90403 Nürnberg",4.6,180,11–20,11,20,15.5,7.93,4.315,11 bis 20 Bewertungen aufgrund von Beschwerden wegen Diffamierung entfernt.,https://www.google.com/maps/place/Orko/data=!4m7!3m6!1s0x479f57546008d947:0x8eec689c574ad102!8m2!3d49.4537188!4d11.0805129!16s%2Fg%2F11spq_sby9!19sChIJR9kIYFRXn0cRAtFKV5xo7I4?authuser=0&hl=de&rclk=1
130,FranKonya,90443,"Gostenhofer Hauptstraße 20, 90443 Nürnberg",4.5,174,11–20,11,20,15.5,8.18,4.214,11 bis 20 Bewertungen aufgrund von Beschwerden wegen Diffamierung entfernt.,https://www.google.com/maps/place/FranKonya/data=!4m7!3m6!1s0x479f57a73350aed5:0xef0321790f9cee83!8m2!3d49.4471632!4d11.0647079!16s%2Fg%2F11t1h2jrkw!19sChIJ1a5QM6dXn0cRg-6cD3khA-8?authuser=0&hl=de&rclk=1
131,Pronto Pizza,90431,"Edisonstraße 18, 90431 Nürnberg",3.6,165,11–20,11,20,15.5,8.59,3.377,11 bis 20 Bewertungen aufgrund von Beschwerden wegen Diffamierung entfernt.,https://www.google.com/maps/place/Pronto+Pizza/data=!4m7!3m6!1s0x479f56eade3143d3:0xf6e7b10ca4f58f8!8m2!3d49.4324274!4d11.0300067!16s%2Fg%2F11c1mznm8m!19sChIJ00Mx3upWn0cR-FhPyhB7bg8?authuser=0&hl=de&rclk=1
132,Balū • Breakfast & Brunch,90402,"Vordere Sterngasse 4-6, 90402 Nürnberg",4.8,155,11–20,11,20,15.5,9.09,4.455,11 bis 20 Bewertungen aufgrund von Beschwerden wegen Diffamierung entfernt.,https://www.google.com/maps/place/Bal%C5%AB+%E2%80%A2+Breakfast+%26+Brunch/data=!4m7!3m6!1s0x479f577915c5d4ab:0x202a3a2197d5a5c6!8m2!3d49.448357!4d11.078099!16s%2Fg%2F11wmvt83dy!19sChIJq9TFFXlXn0cRxqXVlyE6KiA?authuser=0&hl=de&rclk=1
133,Lange Kante 16,90403,"Weißgerbergasse 16, 90403 Nürnberg",4.9,153,11–20,11,20,15.5,9.2,4.541,11 bis 20 Bewertungen aufgrund von Beschwerden wegen Diffamierung entfernt.,https://www.google.com/maps/place/Lange+Kante+16/data=!4m7!3m6!1s0x479f57ee2900db09:0x8635881f5249577d!8m2!3d49.4552606!4d11.0727683!16s%2Fg%2F11t7f56n5z!19sChIJCdsAKe5Xn0cRfVdJUh-INYY?authuser=0&hl=de&rclk=1
134,FoodHouse,90425,"Kölner Str. 32, 90425 Nürnberg",4.8,144,11–20,11,20,15.5,9.72,4.431,11 bis 20 Bewertungen aufgrund von Beschwerden wegen Diffamierung entfernt.,https://www.google.com/maps/place/FoodHouse/data=!4m7!3m6!1s0x479f5754e454daff:0x8e4e40a2f3a0d0e!8m2!3d49.4677968!4d11.0589167!16s%2Fg%2F11y3km_md2!19sChIJ_9pU5FRXn0cRDg06Lwrk5Ag?authuser=0&hl=de&rclk=1
135,ADA Simit Haus,90459,"Pillenreuther Str. 97, 90459 Nürnberg",4.8,140,11–20,11,20,15.5,9.97,4.421,11 bis 20 Bewertungen aufgrund von Beschwerden wegen Diffamierung entfernt.,https://www.google.com/maps/place/ADA+Simit+Haus/data=!4m7!3m6!1s0x479f57f60f6fe563:0xa039a11e831333f9!8m2!3d49.4347961!4d11.0850485!16s%2Fg%2F11jft77dgd!19sChIJY-VvD_ZXn0cR-TMTgx6hOaA?authuser=0&hl=de&rclk=1
136,Howe Wurstwaren KG,90451,"Regenstraße 1, 90451 Nürnberg",4.3,126,11–20,11,20,15.5,10.95,3.939,11 bis 20 Bewertungen aufgrund von Beschwerden wegen Diffamierung entfernt.,https://www.google.com/maps/place/Howe+Wurstwaren+KG/data=!4m7!3m6!1s0x479f573482e79a4d:0xd115190488bb68d0!8m2!3d49.40815!4d11.06621!16s%2Fg%2F1tfjdjrz!19sChIJTZrngjRXn0cR0Gi7iAQZFdE?authuser=0&hl=de&rclk=1
137,Kral Internetcafe,90441,"Schweinauer Hauptstraße 55, 90441 Nürnberg",4.9,78,11–20,11,20,15.5,16.58,4.253,11 bis 20 Bewertungen aufgrund von Beschwerden wegen Diffamierung entfernt.,https://www.google.com/maps/place/Kral+Internetcafe/data=!4m7!3m6!1s0x479f56e6e9665933:0x64a5da4af71da809!8m2!3d49.4321884!4d11.0464173!16s%2Fg%2F1tr7btcp!19sChIJM1lm6eZWn0cRCagd90rapWQ?authuser=0&hl=de&rclk=1
138,Bäcker Drexler,90480,"Regensburger Str. 250, 90480 Nürnberg",4,31,11–20,11,20,15.5,33.33,3,11 bis 20 Bewertungen aufgrund von Beschwerden wegen Diffamierung entfernt.,https://www.google.com/maps/place/B%C3%A4cker+Drexler/data=!4m7!3m6!1s0x479f59860ed6c811:0x2a4f25b1fa8caecd!8m2!3d49.4362197!4d11.1203069!16s%2Fg%2F11j5qj3dzl!19sChIJEcjWDoZZn0cRza6M-rElTyo?authuser=0&hl=de&rclk=1
139,Bäckerei Drexler,90461,"Allersberger Str. 185, 90461 Nürnberg",4.4,24,11–20,11,20,15.5,39.24,3.066,11 bis 20 Bewertungen aufgrund von Beschwerden wegen Diffamierung entfernt.,https://www.google.com/maps/place/B%C3%A4ckerei+Drexler/data=!4m7!3m6!1s0x479f576550bc0f2b:0x625e0e90f1b061c5!8m2!3d49.4332355!4d11.0967356!16s%2Fg%2F11bzyq6rb7!19sChIJKw-8UGVXn0cRxWGw8ZAOXmI?authuser=0&hl=de&rclk=1
140,Indisches Restaurant NAMASTE Nürnberg,90403,"Hirschelgasse 1, 90403 Nürnberg",4.9,4732,6–10,6,10,8,0.17,4.893,Sechs bis zehn Bewertungen aufgrund von Beschwerden wegen Diffamierung entfernt.,https://www.google.com/maps/place/Indisches+Restaurant+NAMASTE+N%C3%BCrnberg/data=!4m7!3m6!1s0x479f57eae4ebf91b:0x99cec641b00d09e6!8m2!3d49.4573905!4d11.0836291!16s%2Fg%2F11gjygtnlp!19sChIJG_nr5OpXn0cR5gkNsEHGzpk?authuser=0&hl=de&rclk=1
141,BASECOFFEE® Nürnberg,90402,"Bankgasse 3, 90402 Nürnberg",4.7,1941,6–10,6,10,8,0.41,4.685,Sechs bis zehn Bewertungen aufgrund von Beschwerden wegen Diffamierung entfernt.,https://www.google.com/maps/place/BASECOFFEE%C2%AE+N%C3%BCrnberg/data=!4m7!3m6!1s0x479f57d3d6332f11:0x40c1cd2557d68930!8m2!3d49.4517557!4d11.0787427!16s%2Fg%2F11v10kwlw3!19sChIJES8z1tNXn0cRMInWVyXNwUA?authuser=0&hl=de&rclk=1
142,Mercato Di Dio Feinkost,90425,"Pretzfelder Str. 5, 90425 Nürnberg",4.6,1899,6–10,6,10,8,0.42,4.585,Sechs bis zehn Bewertungen aufgrund von Beschwerden wegen Diffamierung entfernt.,https://www.google.com/maps/place/Mercato+Di+Dio+Feinkost/data=!4m7!3m6!1s0x479f5636bed0a28f:0x7533a33b671d96e0!8m2!3d49.47234!4d11.06287!16s%2Fg%2F1thlm1xz!19sChIJj6LQvjZWn0cR4JYdZzujM3U?authuser=0&hl=de&rclk=1
143,Indisches Restaurant Ganesha Nürnberg,90403,"Winklerstraße 3, 90403 Nürnberg",4.8,1814,6–10,6,10,8,0.44,4.783,Sechs bis zehn Bewertungen aufgrund von Beschwerden wegen Diffamierung entfernt.,https://www.google.com/maps/place/Indisches+Restaurant+Ganesha+N%C3%BCrnberg/data=!4m7!3m6!1s0x479f57af6e1c0975:0x8bcc5b83e5d2da27!8m2!3d49.4533753!4d11.0759706!16s%2Fg%2F11f0yl1vbm!19sChIJdQkcbq9Xn0cRJ9rS5YNbzIs?authuser=0&hl=de&rclk=1
144,Süss Dealer - Nürnberg,90443,"Sandstraße 1a, 90443 Nürnberg",4.8,1786,6–10,6,10,8,0.45,4.783,Sechs bis zehn Bewertungen aufgrund von Beschwerden wegen Diffamierung entfernt.,https://www.google.com/maps/place/S%C3%BCss+Dealer+-+N%C3%BCrnberg/data=!4m7!3m6!1s0x479f5707e9118e45:0x2ba5d8cf3a08bc1d!8m2!3d49.4468788!4d11.0685014!16s%2Fg%2F11hb00nfn0!19sChIJRY4R6QdXn0cRHbwIOs_YpSs?authuser=0&hl=de&rclk=1
145,O.sha Thai Restaurant Nürnberg,90402,"Jakobstraße 13-15, 90402 Nürnberg",4.6,1395,6–10,6,10,8,0.57,4.579,Sechs bis zehn Bewertungen aufgrund von Beschwerden wegen Diffamierung entfernt.,https://www.google.com/maps/place/O.sha+Thai+Restaurant+N%C3%BCrnberg/data=!4m7!3m6!1s0x479f57a85e95e399:0xd9dbd1d8f6fe183f!8m2!3d49.448854!4d11.073369!16s%2Fg%2F1tkb42y4!19sChIJmeOVXqhXn0cRPxj-9tjR29k?authuser=0&hl=de&rclk=1
146,Golden Club Lounge Hookah & Drink *,90402,"Färberstraße 19, 90402 Nürnberg",4.9,1311,6–10,6,10,8,0.61,4.876,Sechs bis zehn Bewertungen aufgrund von Beschwerden wegen Diffamierung entfernt.,https://www.google.com/maps/place/Golden+Club+Lounge+Hookah+%26+Drink+*/data=!4m7!3m6!1s0x479f57a8f8cf48d9:0xcf42a49889b69642!8m2!3d49.4487938!4d11.0725729!16s%2Fg%2F11bztbcq2g!19sChIJ2UjP-KhXn0cRQpa2iZikQs8?authuser=0&hl=de&rclk=1
147,PINSANO café-restaurant-bar,90402,"Lorenzer Pl. 23, 90402 Nürnberg",4.8,989,6–10,6,10,8,0.8,4.77,Sechs bis zehn Bewertungen aufgrund von Beschwerden wegen Diffamierung entfernt.,https://www.google.com/maps/place/PINSANO+caf%C3%A9-restaurant-bar/data=!4m7!3m6!1s0x479f57a174a85257:0x78703b278d291d8c!8m2!3d49.4509996!4d11.0799711!16s%2Fg%2F11tf1zc_lv!19sChIJV1KodKFXn0cRjB0pjSc7cHg?authuser=0&hl=de&rclk=1
148,Waldrestaurant Schiesshaus,90491,"Günthersbühler Str. 145, 90491 Nürnberg",4.6,958,6–10,6,10,8,0.83,4.57,Sechs bis zehn Bewertungen aufgrund von Beschwerden wegen Diffamierung entfernt.,https://www.google.com/maps/place/Waldrestaurant+Schiesshaus/data=!4m7!3m6!1s0x47a1e2a87ff65955:0x461ed72a9368e166!8m2!3d49.4836111!4d11.1425!16s%2Fg%2F1v2pp6jz!19sChIJVVn2f6jioUcRZuFokyrXHkY?authuser=0&hl=de&rclk=1
149,Kebap Sarayi,90441,"Dianastraße 16, 90441 Nürnberg",4.8,921,6–10,6,10,8,0.86,4.767,Sechs bis zehn Bewertungen aufgrund von Beschwerden wegen Diffamierung entfernt.,https://www.google.com/maps/place/Kebap+Sarayi/data=!4m7!3m6!1s0x479f57186cc2ce55:0xfac3473b998a6b43!8m2!3d49.4276533!4d11.0651913!16s%2Fg%2F11cmy36njg!19sChIJVc7CbBhXn0cRQ2uKmTtHw_o?authuser=0&hl=de&rclk=1
150,Taqueria Cantina la Lucha city,90403,"Adlerstraße 20, 90403 Nürnberg",4.6,874,6–10,6,10,8,0.91,4.567,Sechs bis zehn Bewertungen aufgrund von Beschwerden wegen Diffamierung entfernt.,https://www.google.com/maps/place/Taqueria+Cantina+la+Lucha+city/data=!4m7!3m6!1s0x479f576899cb6ca1:0x8de1e144d1cdaeb7!8m2!3d49.45198!4d11.07611!16s%2Fg%2F11sj8x5qxj!19sChIJoWzLmWhXn0cRt67N0UTh4Y0?authuser=0&hl=de&rclk=1
151,dieroteBar,90403,"Peter-Vischer-Straße 3, 90403 Nürnberg",4.5,781,6–10,6,10,8,1.01,4.465,Sechs bis zehn Bewertungen aufgrund von Beschwerden wegen Diffamierung entfernt.,https://www.google.com/maps/place/dieroteBar/data=!4m7!3m6!1s0x479f57a43eccee33:0xacfda433ec4afb93!8m2!3d49.4520222!4d11.0814178!16s%2Fg%2F1tgfcc3l!19sChIJM-7MPqRXn0cRk_tK7DOk_aw?authuser=0&hl=de&rclk=1
152,Quo Vadis,90491,"Elbinger Str. 28, 90491 Nürnberg",4.7,740,6–10,6,10,8,1.07,4.66,Sechs bis zehn Bewertungen aufgrund von Beschwerden wegen Diffamierung entfernt.,https://www.google.com/maps/place/Quo+Vadis/data=!4m7!3m6!1s0x479f57eb79927d9b:0x7f032ccd496670b3!8m2!3d49.4666964!4d11.1020906!16s%2Fg%2F1w97td3f!19sChIJm32SeetXn0cRs3BmSc0sA38?authuser=0&hl=de&rclk=1
153,Chiba 小食光,90402,"Lorenzer Str. 25, 90402 Nürnberg",4.6,702,6–10,6,10,8,1.13,4.559,Sechs bis zehn Bewertungen aufgrund von Beschwerden wegen Diffamierung entfernt.,https://www.google.com/maps/place/Chiba+%E5%B0%8F%E9%A3%9F%E5%85%89/data=!4m7!3m6!1s0x479f57f3861d9947:0x5001ba57398cf7cf!8m2!3d49.4501658!4d11.0821255!16s%2Fg%2F11jhx1zbcz!19sChIJR5kdhvNXn0cRz_eMOVe6AVA?authuser=0&hl=de&rclk=1
154,Altes Spital Historisches Restaurant,90547,"Alter Kirchpl. 4, 90547 Stein",4.8,689,6–10,6,10,8,1.15,4.756,Sechs bis zehn Bewertungen aufgrund von Beschwerden wegen Diffamierung entfernt.,https://www.google.com/maps/place/Altes+Spital+Historisches+Restaurant/data=!4m7!3m6!1s0x479f56b42df869af:0xdc52ecebf352b938!8m2!3d49.4152722!4d11.0176703!16s%2Fg%2F1tf9rtqz!19sChIJr2n4LbRWn0cROLlS8-vsUtw?authuser=0&hl=de&rclk=1
155,Würzhaus Restaurant Nürnberg,90419,"Kirchenweg 3A, 90419 Nürnberg",4.8,628,6–10,6,10,8,1.26,4.752,Sechs bis zehn Bewertungen aufgrund von Beschwerden wegen Diffamierung entfernt.,https://www.google.com/maps/place/W%C3%BCrzhaus+Restaurant+N%C3%BCrnberg/data=!4m7!3m6!1s0x479f57b37dee712d:0x6f8c6215535e54b6!8m2!3d49.4622889!4d11.0699221!16s%2Fg%2F1tf_m975!19sChIJLXHufbNXn0cRtlReUxVijG8?authuser=0&hl=de&rclk=1
156,Chickenz Fried Chicken,90443,"Am Plärrer 19-21, 90443 Nürnberg",4.8,612,6–10,6,10,8,1.29,4.751,Sechs bis zehn Bewertungen aufgrund von Beschwerden wegen Diffamierung entfernt.,https://www.google.com/maps/place/Chickenz+Fried+Chicken/data=!4m7!3m6!1s0x479f5798c458a34b:0xf3b9903e26a813f4!8m2!3d49.4474088!4d11.06594!16s%2Fg%2F11v0bxyjns!19sChIJS6NYxJhXn0cR9BOoJj6QufM?authuser=0&hl=de&rclk=1
157,Cigköftem Nürnberg Plärrer,90443,"Gostenhofer Hauptstraße 31, 90443 Nürnberg",5,597,6–10,6,10,8,1.32,4.947,Sechs bis zehn Bewertungen aufgrund von Beschwerden wegen Diffamierung entfernt.,https://www.google.com/maps/place/Cigk%C3%B6ftem+N%C3%BCrnberg+Pl%C3%A4rrer/data=!4m7!3m6!1s0x479f57d3bbb9a913:0x8ea9668645f01672!8m2!3d49.4467888!4d11.0646648!16s%2Fg%2F11fkdt4q1x!19sChIJE6m5u9NXn0cRchbwRYZmqY4?authuser=0&hl=de&rclk=1
158,SUNDAYS,90409,"Pirckheimerstraße 112, 90409 Nürnberg",4.6,554,6–10,6,10,8,1.42,4.549,Sechs bis zehn Bewertungen aufgrund von Beschwerden wegen Diffamierung entfernt.,https://www.google.com/maps/place/SUNDAYS/data=!4m7!3m6!1s0x479f5789ebd8b241:0x1dff812bc932b068!8m2!3d49.4612712!4d11.0889837!16s%2Fg%2F11smvjbrp5!19sChIJQbLY64lXn0cRaLAyySuB_x0?authuser=0&hl=de&rclk=1
159,Bit Stop Burger,90489,"Sulzbacher Str. 76, 90489 Nürnberg",4.6,519,6–10,6,10,8,1.52,4.545,Sechs bis zehn Bewertungen aufgrund von Beschwerden wegen Diffamierung entfernt.,https://www.google.com/maps/place/Bit+Stop+Burger/data=!4m7!3m6!1s0x479f5796a8b728eb:0xa6c0fb4c7b64c4ac!8m2!3d49.459235!4d11.0991102!16s%2Fg%2F11lmlwmsk0!19sChIJ6yi3qJZXn0cRrMRke0z7wKY?authuser=0&hl=de&rclk=1
160,Café in der 12 - Nürnberg,90402,"Königstraße 82, 90402 Nürnberg",4.7,500,6–10,6,10,8,1.57,4.642,Sechs bis zehn Bewertungen aufgrund von Beschwerden wegen Diffamierung entfernt.,https://www.google.com/maps/place/Caf%C3%A9+in+der+12+-+N%C3%BCrnberg/data=!4m7!3m6!1s0x479f573c3c295a59:0xeb91b39d07d3b792!8m2!3d49.4474142!4d11.0809088!16s%2Fg%2F11g4gqmzll!19sChIJWVopPDxXn0cRkrfTB52zkes?authuser=0&hl=de&rclk=1
161,SUNDAYS,90429,"Dilherrstraße 1, 90429 Nürnberg",4.5,346,6–10,6,10,8,2.26,4.421,Sechs bis zehn Bewertungen aufgrund von Beschwerden wegen Diffamierung entfernt.,https://www.google.com/maps/place/SUNDAYS/data=!4m7!3m6!1s0x479f5712a2bb215d:0xbfff4b58c395f664!8m2!3d49.4511246!4d11.0586334!16s%2Fg%2F11vl32g0gb!19sChIJXSG7ohJXn0cRZPaVw1hL_78?authuser=0&hl=de&rclk=1
162,Metzgerei Freyberger KG,90461,"Sperberstraße 99, 90461 Nürnberg",4.9,332,6–10,6,10,8,2.35,4.808,Sechs bis zehn Bewertungen aufgrund von Beschwerden wegen Diffamierung entfernt.,https://www.google.com/maps/place/Metzgerei+Freyberger+KG/data=!4m7!3m6!1s0x479f576ef6aeba9b:0xc269c1d170d032aa!8m2!3d49.4316727!4d11.0909506!16s%2Fg%2F1tjz2c6f!19sChIJm7qu9m5Xn0cRqjLQcNHBacI?authuser=0&hl=de&rclk=1
163,Eiscafé Sirena,90402,"Königstraße 6, 90402 Nürnberg",4.7,321,6–10,6,10,8,2.43,4.61,Sechs bis zehn Bewertungen aufgrund von Beschwerden wegen Diffamierung entfernt.,https://www.google.com/maps/place/Eiscaf%C3%A9+Sirena/data=!4m7!3m6!1s0x479f57a5f01db1e3:0x715cf9ca1a217265!8m2!3d49.4520634!4d11.0775165!16s%2Fg%2F1tcw753j!19sChIJ47Ed8KVXn0cRZXIhGsr5XHE?authuser=0&hl=de&rclk=1
164,Döppi Restaurant,90459,"Kopernikusstraße 6, 90459 Nürnberg",4.8,281,6–10,6,10,8,2.77,4.695,Sechs bis zehn Bewertungen aufgrund von Beschwerden wegen Diffamierung entfernt.,https://www.google.com/maps/place/D%C3%B6ppi+Restaurant/data=!4m7!3m6!1s0x479f574e9f036cc1:0x848dcd06c618eda5!8m2!3d49.4382996!4d11.0828342!16s%2Fg%2F11ylf34cv8!19sChIJwWwDn05Xn0cRpe0YxgbNjYQ?authuser=0&hl=de&rclk=1
165,Grünes Zentrum Krottenbach Baumschule & Gartencenter,90453,"Höllwiesenstraße 59, 90453 Nürnberg",4.8,148,6–10,6,10,8,5.13,4.605,Sechs bis zehn Bewertungen aufgrund von Beschwerden wegen Diffamierung entfernt.,https://www.google.com/maps/place/Gr%C3%BCnes+Zentrum+Krottenbach+Baumschule+%26+Gartencenter/data=!4m7!3m6!1s0x479f511187992593:0x20ab8f04f7e352df!8m2!3d49.3823241!4d11.0152874!16s%2Fg%2F1thp_q7h!19sChIJkyWZhxFRn0cR31Lj9wSPqyA?authuser=0&hl=de&rclk=1
166,PIZZAPIRATEN,90482,"Ostendstraße 83, 90482 Nürnberg",4.8,138,6–10,6,10,8,5.48,4.592,Sechs bis zehn Bewertungen aufgrund von Beschwerden wegen Diffamierung entfernt.,https://www.google.com/maps/place/PIZZAPIRATEN/data=!4m7!3m6!1s0x479f575398207237:0xd5e1ea50bfcd7ed6!8m2!3d49.454413!4d11.114467!16s%2Fg%2F11s93k1wp6!19sChIJN3IgmFNXn0cR1n7Nv1Dq4dU?authuser=0&hl=de&rclk=1
167,Pizza Pasta 0911,90419,"Sandrartstraße 53, 90419 Nürnberg",4.5,138,6–10,6,10,8,5.48,4.308,Sechs bis zehn Bewertungen aufgrund von Beschwerden wegen Diffamierung entfernt.,https://www.google.com/maps/place/Pizza+Pasta+0911/data=!4m7!3m6!1s0x479f5700312267e3:0xe28abed8336e09cc!8m2!3d49.4606199!4d11.0620395!16s%2Fg%2F11vzg9w1yq!19sChIJ42ciMQBXn0cRzAluM9i-iuI?authuser=0&hl=de&rclk=1
168,cia‘s,90403,"Josephspl. 1, 90403 Nürnberg",4.7,130,6–10,6,10,8,5.8,4.486,Sechs bis zehn Bewertungen aufgrund von Beschwerden wegen Diffamierung entfernt.,https://www.google.com/maps/place/cia%E2%80%98s/data=!4m7!3m6!1s0x479f57003d8a7ed3:0x7ed8253edb57d276!8m2!3d49.4518032!4d11.0743944!16s%2Fg%2F11xkxjv0br!19sChIJ036KPQBXn0cRdtJX2z4l2H4?authuser=0&hl=de&rclk=1
169,Bäckerei Drexler,90475,"Fischbacher Hauptstraße 187, 90475 Nürnberg",4.8,85,6–10,6,10,8,8.6,4.473,Sechs bis zehn Bewertungen aufgrund von Beschwerden wegen Diffamierung entfernt.,https://www.google.com/maps/place/B%C3%A4ckerei+Drexler/data=!4m7!3m6!1s0x479f593bf6040b3f:0xace185c5518df9d5!8m2!3d49.420462!4d11.193075!16s%2Fg%2F1tdvcl3g!19sChIJPwsE9jtZn0cR1fmNUcWF4aw?authuser=0&hl=de&rclk=1
170,BRÜTZEL - Döner geht immer,90429,"Am Plärrer 20, 90429 Nürnberg",4.5,74,6–10,6,10,8,9.76,4.159,Sechs bis zehn Bewertungen aufgrund von Beschwerden wegen Diffamierung entfernt.,https://www.google.com/maps/place/BR%C3%9CTZEL+-+D%C3%B6ner+geht+immer/data=!4m7!3m6!1s0x479f57e2a7428cb1:0xa18971673965bbd0!8m2!3d49.4485689!4d11.0651635!16s%2Fg%2F11wy26f_w8!19sChIJsYxCp-JXn0cR0LtlOWdxiaE?authuser=0&hl=de&rclk=1
171,Pizza Zulù UG,90402,"Lorenzer Str. 5, 90402 Nürnberg",4.6,56,6–10,6,10,8,12.5,4.15,Sechs bis zehn Bewertungen aufgrund von Beschwerden wegen Diffamierung entfernt.,https://www.google.com/maps/place/Pizza+Zul%C3%B9+UG/data=!4m7!3m6!1s0x479f578d8f7fc311:0x2b23409b355023f4!8m2!3d49.4504891!4d11.0810327!16s%2Fg%2F11yg5mfknn!19sChIJEcN_j41Xn0cR9CNQNZtAIys?authuser=0&hl=de&rclk=1
172,La Pasta Cosi am Dutzendteich,90478,"Herzogstraße 22, 90478 Nürnberg",4.8,55,6–10,6,10,8,12.7,4.317,Sechs bis zehn Bewertungen aufgrund von Beschwerden wegen Diffamierung entfernt.,https://www.google.com/maps/place/La+Pasta+Cosi+am+Dutzendteich/data=!4m7!3m6!1s0x479f59003f91d921:0x34ffbdeca0358ed4!8m2!3d49.4349093!4d11.1199388!16s%2Fg%2F11vytypfhq!19sChIJIdmRPwBZn0cR1I41oOy9_zQ?authuser=0&hl=de&rclk=1
173,Bäckerei Drexler,90471,"Hans-Fallada-Straße 48, 90471 Nürnberg",4.8,40,6–10,6,10,8,16.67,4.167,Sechs bis zehn Bewertungen aufgrund von Beschwerden wegen Diffamierung entfernt.,https://www.google.com/maps/place/B%C3%A4ckerei+Drexler/data=!4m7!3m6!1s0x479f599467ccbef5:0x5de3c70625f211da!8m2!3d49.4160838!4d11.1343082!16s%2Fg%2F11c6lhrccz!19sChIJ9b7MZ5RZn0cR2hHyJQbH410?authuser=0&hl=de&rclk=1
174,Fatos Imbiss,90459,"Gugelstraße 114, 90459 Nürnberg",4.7,37,6–10,6,10,8,17.78,4.042,Sechs bis zehn Bewertungen aufgrund von Beschwerden wegen Diffamierung entfernt.,https://www.google.com/maps/place/Fatos+Imbiss/data=!4m7!3m6!1s0x479f5713b13a27db:0x30d10b103b79ecbe!8m2!3d49.4328621!4d11.0780095!16s%2Fg%2F11j4sv45g0!19sChIJ2yc6sRNXn0cRvux5OxAL0TA?authuser=0&hl=de&rclk=1
175,Bratwurst Röslein,90403,"Rathauspl. 6, 90403 Nürnberg",4.1,10136,2–5,2,5,3.5,0.03,4.099,Zwei bis fünf Bewertungen aufgrund von Beschwerden wegen Diffamierung entfernt.,https://www.google.com/maps/place/Bratwurst+R%C3%B6slein/data=!4m7!3m6!1s0x479f57af8dc40267:0xd087eac7de11e545!8m2!3d49.4545853!4d11.0780919!16s%2Fg%2F1hc89_zy1!19sChIJZwLEja9Xn0cRReUR3sfqh9A?authuser=0&hl=de&rclk=1
176,Karl August - a Neighborhood Hotel,90403,"Augustinerhof 1, 90403 Nürnberg",4.7,1253,2–5,2,5,3.5,0.28,4.69,Zwei bis fünf Bewertungen aufgrund von Beschwerden wegen Diffamierung entfernt.,https://www.google.com/maps/place/Karl+August+-+a+Neighborhood+Hotel/data=!4m7!3m6!1s0x479f5791e68c3b8b:0x3265604e92ed9e49!8m2!3d49.4537371!4d11.075918!16s%2Fg%2F11h4_dc_f4!19sChIJizuM5pFXn0cRSZ7tkk5gZTI?authuser=0&hl=de&rclk=1
177,Q-bap - Qualitäts-Kebap,90441,"Schweinauer Hauptstraße 94, 90441 Nürnberg",4.7,1056,2–5,2,5,3.5,0.33,4.688,Zwei bis fünf Bewertungen aufgrund von Beschwerden wegen Diffamierung entfernt.,https://www.google.com/maps/place/Q-bap+-+Qualit%C3%A4ts-Kebap/data=!4m7!3m6!1s0x479f56dd7fcff3a5:0x80a6569ac4944f02!8m2!3d49.4288329!4d11.0436222!16s%2Fg%2F1tfg2287!19sChIJpfPPf91Wn0cRAk-UxJpWpoA?authuser=0&hl=de&rclk=1
178,Landgasthof Hotel Gentner,90475,"Bregenzer Str. 31, 90475 Nürnberg",4.7,1028,2–5,2,5,3.5,0.34,4.687,Zwei bis fünf Bewertungen aufgrund von Beschwerden wegen Diffamierung entfernt.,https://www.google.com/maps/place/Landgasthof+Hotel+Gentner/data=!4m10!3m9!1s0x479f596030c407d5:0xc066c8f91b0a8751!5m2!4m1!1i2!8m2!3d49.39657!4d11.17404!16s%2Fg%2F1tjxdnf8!19sChIJ1QfEMGBZn0cRUYcKG_nIZsA?authuser=0&hl=de&rclk=1
179,Restaurant Thalassa Nürnberg,90441,"Daimlerstraße 71, 90441 Nürnberg",4.8,996,2–5,2,5,3.5,0.35,4.787,Zwei bis fünf Bewertungen aufgrund von Beschwerden wegen Diffamierung entfernt.,https://www.google.com/maps/place/Restaurant+Thalassa+N%C3%BCrnberg/data=!4m7!3m6!1s0x479f5728da41fb19:0xf545ebd1394844f0!8m2!3d49.4231149!4d11.0439228!16s%2Fg%2F11jxx7w7yr!19sChIJGftB2ihXn0cR8ERIOdHrRfU?authuser=0&hl=de&rclk=1
180,Kohinoor Indisches Restaurant,90402,"Bahnhofstraße 13, 90402 Nürnberg",4.9,965,2–5,2,5,3.5,0.36,4.886,Zwei bis fünf Bewertungen aufgrund von Beschwerden wegen Diffamierung entfernt.,https://www.google.com/maps/place/Kohinoor+Indisches+Restaurant/data=!4m7!3m6!1s0x479f5755525b3405:0xefa97b1e0341274c!8m2!3d49.4473572!4d11.086095!16s%2Fg%2F11fvwkq6lx!19sChIJBTRbUlVXn0cRTCdBAx57qe8?authuser=0&hl=de&rclk=1
181,BARDOLINO Fine.Food.Hotel,90443,"Humboldtstraße 5, 90443 Nürnberg",4.8,634,2–5,2,5,3.5,0.55,4.779,Zwei bis fünf Bewertungen aufgrund von Beschwerden wegen Diffamierung entfernt.,https://www.google.com/maps/place/BARDOLINO+Fine.Food.Hotel/data=!4m7!3m6!1s0x479f571acd7234a3:0x96d3ee7073e48617!8m2!3d49.4369444!4d11.068611!16s%2Fg%2F11fj2ppt_f!19sChIJozRyzRpXn0cRF4bkc3Du05Y?authuser=0&hl=de&rclk=1
182,XOCO Café,90402,"Vordere Sterngasse 20, 90402 Nürnberg",4.7,634,2–5,2,5,3.5,0.55,4.68,Zwei bis fünf Bewertungen aufgrund von Beschwerden wegen Diffamierung entfernt.,https://www.google.com/maps/place/XOCO+Caf%C3%A9/data=!4m7!3m6!1s0x479f57f86a7dc857:0xf15ca87bb5cb2e6d!8m2!3d49.44775!4d11.07808!16s%2Fg%2F11h6fm7_gm!19sChIJV8h9avhXn0cRbS7LtXuoXPE?authuser=0&hl=de&rclk=1
183,EDEKA Gass - Nürnberg,90408,"Bucher Str. 86, 90408 Nürnberg",4.4,571,2–5,2,5,3.5,0.61,4.379,Zwei bis fünf Bewertungen aufgrund von Beschwerden wegen Diffamierung entfernt.,https://www.google.com/maps/place/EDEKA+Gass+-+N%C3%BCrnberg/data=!4m7!3m6!1s0x479f57b53827cc1b:0xc3291ab2b9a0325e!8m2!3d49.4661547!4d11.0698686!16s%2Fg%2F1hc3h8hmy!19sChIJG8wnOLVXn0cRXjKgubIaKcM?authuser=0&hl=de&rclk=1
184,EDEKA,90411,"Kilianstraße 253, 90411 Nürnberg",4.4,518,2–5,2,5,3.5,0.67,4.377,Zwei bis fünf Bewertungen aufgrund von Beschwerden wegen Diffamierung entfernt.,https://www.google.com/maps/place/EDEKA/data=!4m7!3m6!1s0x479f57e88243822d:0x544e7c115aa954dd!8m2!3d49.4752089!4d11.1028452!16s%2Fg%2F11btlqgsgn!19sChIJLYJDguhXn0cR3VSpWhF8TlQ?authuser=0&hl=de&rclk=1
185,Gusto Natural Steakrestaurant Nürnberg,90482,"Bürgweg 25, 90482 Nürnberg",4.8,504,2–5,2,5,3.5,0.69,4.774,Zwei bis fünf Bewertungen aufgrund von Beschwerden wegen Diffamierung entfernt.,https://www.google.com/maps/place/Gusto+Natural+Steakrestaurant+N%C3%BCrnberg/data=!4m7!3m6!1s0x479f5817a499e339:0x5743b617cb3cb6f!8m2!3d49.462994!4d11.1373628!16s%2Fg%2F12hr4xdhs!19sChIJOeOZpBdYn0cRb8uzfGE7dAU?authuser=0&hl=de&rclk=1
186,Caf(f)e Centrale Constantine,90403,"Karlstraße 16, 90403 Nürnberg",4.8,408,2–5,2,5,3.5,0.85,4.768,Zwei bis fünf Bewertungen aufgrund von Beschwerden wegen Diffamierung entfernt.,https://www.google.com/maps/place/Caf%28f%29e+Centrale+Constantine/data=!4m7!3m6!1s0x479f57afadf47bfb:0x5a0328c71925d9b9!8m2!3d49.4547638!4d11.0746714!16s%2Fg%2F11bbrh085r!19sChIJ-3v0ra9Xn0cRudklGccoA1o?authuser=0&hl=de&rclk=1
187,MANO,90489,"Stabiusstraße 1, 90489 Nürnberg",4.8,398,2–5,2,5,3.5,0.87,4.767,Zwei bis fünf Bewertungen aufgrund von Beschwerden wegen Diffamierung entfernt.,https://www.google.com/maps/place/MANO/data=!4m7!3m6!1s0x479f571f5206e9e7:0x1485175921827c69!8m2!3d49.4592374!4d11.0945848!16s%2Fg%2F11sb7xdg8j!19sChIJ5-kGUh9Xn0cRaXyCIVkXhRQ?authuser=0&hl=de&rclk=1
188,Woitinek Lebküchnerei Lebkuchen Fabrikverkauf und Lebkuchen aus Nürnberg Online bestellen,90443,"Peter-Henlein-Straße 1, 90443 Nürnberg",4.9,377,2–5,2,5,3.5,0.92,4.864,Zwei bis fünf Bewertungen aufgrund von Beschwerden wegen Diffamierung entfernt.,https://www.google.com/maps/place/Woitinek+Lebk%C3%BCchnerei+Lebkuchen+Fabrikverkauf+und+Lebkuchen+aus+N%C3%BCrnberg+Online+bestellen/data=!4m7!3m6!1s0x479f5705c285ba9d:0xa0ab2be2d1b8c911!8m2!3d49.4409428!4d11.0705124!16s%2Fg%2F1tdc8s_f!19sChIJnbqFwgVXn0cREcm40eIrq6A?authuser=0&hl=de&rclk=1
189,Mama Cafe,90489,"Werderstraße 1, 90489 Nürnberg",4.3,302,2–5,2,5,3.5,1.15,4.262,Zwei bis fünf Bewertungen aufgrund von Beschwerden wegen Diffamierung entfernt.,https://www.google.com/maps/place/Mama+Cafe/data=!4m7!3m6!1s0x479f5755fecd16cb:0xb72c31cc45271fc9!8m2!3d49.4608016!4d11.0955324!16s%2Fg%2F11f66bx55c!19sChIJyxbN_lVXn0cRyR8nRcwxLLc?authuser=0&hl=de&rclk=1
190,Café Ginkgo - Poké Bowl,90489,"Martin-Richter-Straße 14, 90489 Nürnberg",5,297,2–5,2,5,3.5,1.16,4.953,Zwei bis fünf Bewertungen aufgrund von Beschwerden wegen Diffamierung entfernt.,https://www.google.com/maps/place/Caf%C3%A9+Ginkgo+-+Pok%C3%A9+Bowl/data=!4m7!3m6!1s0x479f5722a9df1955:0xc010ff75d9f7acc0!8m2!3d49.4616527!4d11.0946272!16s%2Fg%2F11vbtngfdf!19sChIJVRnfqSJXn0cRwKz32XX_EMA?authuser=0&hl=de&rclk=1
191,Gasthof Tut,90475,"Oelser Str. 17, 90475 Nürnberg",4.7,278,2–5,2,5,3.5,1.24,4.654,Zwei bis fünf Bewertungen aufgrund von Beschwerden wegen Diffamierung entfernt.,https://www.google.com/maps/place/Gasthof+Tut/data=!4m10!3m9!1s0x479f59146328f259:0x8fbbd3405925152a!5m2!4m1!1i2!8m2!3d49.4057379!4d11.1650285!16s%2Fg%2F11y59cwhhl!19sChIJWfIoYxRZn0cRKhUlWUDTu48?authuser=0&hl=de&rclk=1
192,Gaststätte Sängerlust,90480,"Zerzabelshofer Hauptstraße 51, 90480 Nürnberg",4.5,229,2–5,2,5,3.5,1.51,4.447,Zwei bis fünf Bewertungen aufgrund von Beschwerden wegen Diffamierung entfernt.,https://www.google.com/maps/place/Gastst%C3%A4tte+S%C3%A4ngerlust/data=!4m7!3m6!1s0x479f59846207c1eb:0x4baaec873f929c3a!8m2!3d49.4447434!4d11.1273021!16s%2Fg%2F11p00hzrkj!19sChIJ68EHYoRZn0cROpySP4fsqks?authuser=0&hl=de&rclk=1
193,Wirtshaus Albrecht,90403,"Rathauspl. 4, 90403 Nürnberg",4.4,213,2–5,2,5,3.5,1.62,4.345,Zwei bis fünf Bewertungen aufgrund von Beschwerden wegen Diffamierung entfernt.,https://www.google.com/maps/place/Wirtshaus+Albrecht/data=!4m7!3m6!1s0x479f5700779ae4db:0x838bce78aed4b9dc!8m2!3d49.4549366!4d11.0773582!16s%2Fg%2F11yq8v0hnd!19sChIJ2-SadwBXn0cR3LnUrnjOi4M?authuser=0&hl=de&rclk=1
194,Trattoria La Vera,90408,"Uhlandstraße 21, 90408 Nürnberg",4.9,177,2–5,2,5,3.5,1.94,4.824,Zwei bis fünf Bewertungen aufgrund von Beschwerden wegen Diffamierung entfernt.,https://www.google.com/maps/place/Trattoria+La+Vera/data=!4m7!3m6!1s0x479f570024c3beef:0x70fc5813b609a1e7!8m2!3d49.4645172!4d11.0757512!16s%2Fg%2F11w9sppm42!19sChIJ777DJABXn0cR56EJthNY_HA?authuser=0&hl=de&rclk=1
195,Jøwåy Nürnberg,90403,"Hutergasse 1, 90403 Nürnberg",4.9,157,2–5,2,5,3.5,2.18,4.815,Zwei bis fünf Bewertungen aufgrund von Beschwerden wegen Diffamierung entfernt.,https://www.google.com/maps/place/J%C3%B8w%C3%A5y+N%C3%BCrnberg/data=!4m7!3m6!1s0x479f5741b3847eef:0x9b00a0d138acbd94!8m2!3d49.4522941!4d11.0724534!16s%2Fg%2F11ft0sq651!19sChIJ736Es0FXn0cRlL2sONGgAJs?authuser=0&hl=de&rclk=1
196,Pizzeria Da Marcel,90482,"Brandstraße 28, 90482 Nürnberg",4.7,153,2–5,2,5,3.5,2.24,4.617,Zwei bis fünf Bewertungen aufgrund von Beschwerden wegen Diffamierung entfernt.,https://www.google.com/maps/place/Pizzeria+Da+Marcel/data=!4m7!3m6!1s0x479f586f7424097d:0x137c7b4d24aa0c11!8m2!3d49.4660555!4d11.1624053!16s%2Fg%2F1tft_jx7!19sChIJfQkkdG9Yn0cREQyqJE17fBM?authuser=0&hl=de&rclk=1
197,2BITES Nürnberg,90402,"Färberstraße 11, 90402 Nürnberg",4.7,130,2–5,2,5,3.5,2.62,4.603,Zwei bis fünf Bewertungen aufgrund von Beschwerden wegen Diffamierung entfernt.,https://www.google.com/maps/place/2BITES+N%C3%BCrnberg/data=!4m7!3m6!1s0x479f573fd5009671:0x574d4fda4903bb2e!8m2!3d49.4497362!4d11.0728739!16s%2Fg%2F11yq65mrfj!19sChIJcZYA1T9Xn0cRLrsDSdpPTVc?authuser=0&hl=de&rclk=1
198,Pizzeria Basilico,90409,"Parkstraße 43, 90409 Nürnberg",4.9,121,2–5,2,5,3.5,2.81,4.79,Zwei bis fünf Bewertungen aufgrund von Beschwerden wegen Diffamierung entfernt.,https://www.google.com/maps/place/Pizzeria+Basilico/data=!4m7!3m6!1s0x479f571bee357365:0x5e6ed9c5e4475295!8m2!3d49.4663653!4d11.0904465!16s%2Fg%2F11x1p6p5f4!19sChIJZXM17htXn0cRlVJH5MXZbl4?authuser=0&hl=de&rclk=1
199,KARL - Wein trifft feine Küche,90403,"Hauptmarkt 16, 90403 Nürnberg",4.7,89,2–5,2,5,3.5,3.78,4.56,Zwei bis fünf Bewertungen aufgrund von Beschwerden wegen Diffamierung entfernt.,https://www.google.com/maps/place/KARL+-+Wein+trifft+feine+K%C3%BCche/data=!4m7!3m6!1s0x479f570f06780047:0x3f53f6ce977e9ce8!8m2!3d49.454273!4d11.0779483!16s%2Fg%2F11vzsngnht!19sChIJRwB4Bg9Xn0cR6Jx-l872Uz8?authuser=0&hl=de&rclk=1
200,Restaurant- Pizzeria Passaparola,90453,"Katzwanger Hauptstraße 47, 90453 Nürnberg",4.8,84,2–5,2,5,3.5,4,4.648,Zwei bis fünf Bewertungen aufgrund von Beschwerden wegen Diffamierung entfernt.,https://www.google.com/maps/place/Restaurant-+Pizzeria+Passaparola/data=!4m7!3m6!1s0x479f51df995d9c85:0x48219536b323a37c!8m2!3d49.3601105!4d11.0505479!16s%2Fg%2F11ybmfvz3r!19sChIJhZxdmd9Rn0cRfKMjszaVIUg?authuser=0&hl=de&rclk=1
201,Balkan Bäckerei & Konditorei Premium,90431,"Höfener Str. 97, 90431 Nürnberg",4.9,32,2–5,2,5,3.5,9.86,4.515,Zwei bis fünf Bewertungen aufgrund von Beschwerden wegen Diffamierung entfernt.,https://www.google.com/maps/place/Balkan+B%C3%A4ckerei+%26+Konditorei+Premium/data=!4m7!3m6!1s0x479f55b35fd9ed5b:0xac711c4aa96fc47c!8m2!3d49.4564325!4d11.0098316!16s%2Fg%2F11x77qrcwt!19sChIJW-3ZX7NVn0cRfMRvqUoccaw?authuser=0&hl=de&rclk=1
202,Bosta Kaffee GmbH,90441,"Löffelholzstraße 20, 90441 Nürnberg",5,27,2–5,2,5,3.5,11.48,4.541,Zwei bis fünf Bewertungen aufgrund von Beschwerden wegen Diffamierung entfernt.,https://www.google.com/maps/place/Bosta+Kaffee+GmbH/data=!4m7!3m6!1s0x479f5718ec452ef7:0xd4ead0ce0f8e0960!8m2!3d49.4245241!4d11.0684456!16s%2Fg%2F11smny7xtm!19sChIJ9y5F7BhXn0cRYAmOD87Q6tQ?authuser=0&hl=de&rclk=1
203,Wolf Fleischerei-Fachgeschäft mit Heisser Wolf Restaurant,90449,"Dombühler Str. 9, 90449 Nürnberg",4.3,22,2–5,2,5,3.5,13.73,3.847,Zwei bis fünf Bewertungen aufgrund von Beschwerden wegen Diffamierung entfernt.,https://www.google.com/maps/place/Wolf+Fleischerei-Fachgesch%C3%A4ft+mit+Heisser+Wolf+Restaurant/data=!4m7!3m6!1s0x479f56c5b8fd7e2d:0x6a99f16a9d279ff7!8m2!3d49.4214308!4d11.031922!16s%2Fg%2F1tjs3yfz!19sChIJLX79uMVWn0cR958nnWrxmWo?authuser=0&hl=de&rclk=1
204,Die Kirschbohne Kaffeerösterei / KRS-Service,90441,"Nimrodstraße 9/Haus 3, 90441 Nürnberg",4.9,15,2–5,2,5,3.5,18.92,4.162,Zwei bis fünf Bewertungen aufgrund von Beschwerden wegen Diffamierung entfernt.,https://www.google.com/maps/place/Die+Kirschbohne+Kaffeer%C3%B6sterei+%2F+KRS-Service/data=!4m7!3m6!1s0x479f5792555d34d3:0xc24c5647926cf664!8m2!3d49.4236084!4d11.0680419!16s%2Fg%2F11qwxh60nr!19sChIJ0zRdVZJXn0cRZPZskkdWTMI?authuser=0&hl=de&rclk=1
205,La Commedia Pizzeria Restaurant,90461,"Holzstraße 4, 90461 Nürnberg",4.5,2629,1,1,1,1,0.04,4.499,Eine Bewertung aufgrund einer Beschwerde wegen Diffamierung entfernt.,https://www.google.com/maps/place/La+Commedia+Pizzeria+Restaurant/data=!4m7!3m6!1s0x479f57740dec11ed:0x66d86868e780e668!8m2!3d49.4403373!4d11.0910352!16s%2Fg%2F1vbl6l1w!19sChIJ7RHsDXRXn0cRaOaA52ho2GY?authuser=0&hl=de&rclk=1
206,Kerschers Imbiss GmbH,90431,"Ergersheimer Str. 2, 90431 Nürnberg",4.8,2284,1,1,1,1,0.04,4.798,Eine Bewertung aufgrund einer Beschwerde wegen Diffamierung entfernt.,https://www.google.com/maps/place/Kerschers+Imbiss+GmbH/data=!4m7!3m6!1s0x479f5681709dbfed:0x72ad1de314fb2238!8m2!3d49.4482116!4d11.0112657!16s%2Fg%2F1tgj7tr5!19sChIJ7b-dcIFWn0cROCL7FOMdrXI?authuser=0&hl=de&rclk=1
207,ARVENA PARK - Das Hotel am Franken-Center GmbH,90473,"Görlitzer Str. 51, 90473 Nürnberg",4.3,1600,1,1,1,1,0.06,4.298,Eine Bewertung aufgrund einer Beschwerde wegen Diffamierung entfernt.,https://www.google.com/maps/place/ARVENA+PARK+-+Das+Hotel+am+Franken-Center+GmbH/data=!4m10!3m9!1s0x479f5987e8d0849d:0xa6fc87743dbe441a!5m2!4m1!1i2!8m2!3d49.4002189!4d11.1376724!16s%2Fg%2F1tpc6zdr!19sChIJnYTQ6IdZn0cRGkS-PXSH_KY?authuser=0&hl=de&rclk=1
208,Auckland Coffee,90402,"Königstraße 2, 90402 Nürnberg",4.6,1055,1,1,1,1,0.09,4.597,Eine Bewertung aufgrund einer Beschwerde wegen Diffamierung entfernt.,https://www.google.com/maps/place/Auckland+Coffee/data=!4m7!3m6!1s0x479f57e9ffeb6bb9:0x8acad18fe1234cf6!8m2!3d49.4524244!4d11.077317!16s%2Fg%2F11rkfszv4k!19sChIJuWvr_-lXn0cR9kwj4Y_Ryoo?authuser=0&hl=de&rclk=1
209,Osteria BellaVista Mögeldorf,90482,"Schmausenbuckstraße 14, 90482 Nürnberg",4,725,1,1,1,1,0.14,3.996,Eine Bewertung aufgrund einer Beschwerde wegen Diffamierung entfernt.,https://www.google.com/maps/place/Osteria+BellaVista+M%C3%B6geldorf/data=!4m7!3m6!1s0x479f59329dd5c441:0xc40a0d353099bd7e!8m2!3d49.4595336!4d11.1313134!16s%2Fg%2F11jxsbl8l4!19sChIJQcTVnTJZn0cRfr2ZMDUNCsQ?authuser=0&hl=de&rclk=1
210,Fishismuss | Fisch Dürüm | Bowls | Burger | MATCHA SPOT,90459,"Pillenreuther Str. 65, 90459 Nürnberg",5,474,1,1,1,1,0.21,4.992,Eine Bewertung aufgrund einer Beschwerde wegen Diffamierung entfernt.,https://www.google.com/maps/place/Fishismuss+%7C+Fisch+D%C3%BCr%C3%BCm+%7C+Bowls+%7C+Burger+%7C+MATCHA+SPOT/data=!4m7!3m6!1s0x479f576c3073d90d:0x7e9a242cac0e2a2!8m2!3d49.438664!4d11.0824154!16s%2Fg%2F11w390fmx9!19sChIJDdlzMGxXn0cRouLAykKi6Qc?authuser=0&hl=de&rclk=1
211,El Bar,90419,"Sandrartstraße 42, 90419 Nürnberg",4.7,450,1,1,1,1,0.22,4.692,Eine Bewertung aufgrund einer Beschwerde wegen Diffamierung entfernt.,https://www.google.com/maps/place/El+Bar/data=!4m7!3m6!1s0x479f564cf8580d37:0xa6ad2638a2a1f1bd!8m2!3d49.460963!4d11.0633398!16s%2Fg%2F11b6d2tyzr!19sChIJNw1Y-ExWn0cRvfGhojgmraY?authuser=0&hl=de&rclk=1
212,RegiNA 2.0 – Pizza Napoletana | Food Trucks & Catering für Events,90429,"Muggenhofer Str. 67, 90429 Nürnberg",5,207,1,1,1,1,0.48,4.981,Eine Bewertung aufgrund einer Beschwerde wegen Diffamierung entfernt.,https://www.google.com/maps/place/RegiNA+2.0+%E2%80%93+Pizza+Napoletana+%7C+Food+Trucks+%26+Catering+f%C3%BCr+Events/data=!4m7!3m6!1s0x479f570bacc1091d:0x3301df503a98c219!8m2!3d49.459095!4d11.0388032!16s%2Fg%2F11swvfstll!19sChIJHQnBrAtXn0cRGcKYOlDfATM?authuser=0&hl=de&rclk=1
213,Pizzeria La Bruschetta Nürnberg,90411,"Neuwieder Str. 2, 90411 Nürnberg",4.8,160,1,1,1,1,0.62,4.776,Eine Bewertung aufgrund einer Beschwerde wegen Diffamierung entfernt.,https://www.google.com/maps/place/Pizzeria+La+Bruschetta+N%C3%BCrnberg/data=!4m7!3m6!1s0x47a1fd674fba44db:0xf4a28afdcbe8037f!8m2!3d49.4903643!4d11.1044483!16s%2Fg%2F11cm0m81b7!19sChIJ20S6T2f9oUcRfwPoy_2KovQ?authuser=0&hl=de&rclk=1
214,Jet Pizza Service Nürnberg,90419,"Wilhelm-Marx-Straße 56, 90419 Nürnberg",4.6,129,1,1,1,1,0.77,4.572,Eine Bewertung aufgrund einer Beschwerde wegen Diffamierung entfernt.,https://www.google.com/maps/place/Jet+Pizza+Service+N%C3%BCrnberg/data=!4m7!3m6!1s0x479f564f8db43521:0xe0d8b47b6cfb04cc!8m2!3d49.4603137!4d11.0533741!16s%2Fg%2F1thz0nx3!19sChIJITW0jU9Wn0cRzAT7bHu02OA?authuser=0&hl=de&rclk=1
215,Wahler Partyservice GmbH,90431,"Leyher Str. 101, 90431 Nürnberg",4.5,123,1,1,1,1,0.81,4.472,Eine Bewertung aufgrund einer Beschwerde wegen Diffamierung entfernt.,https://www.google.com/maps/place/Wahler+Partyservice+GmbH/data=!4m7!3m6!1s0x479f5662b60899c3:0x305a3e78cb565f60!8m2!3d49.4527605!4d11.0231424!16s%2Fg%2F1td08ygr!19sChIJw5kItmJWn0cRYF9Wy3g-WjA?authuser=0&hl=de&rclk=1
216,AVE Lounge Nuernberg Bar - Restaurant,90459,"Breitscheidstraße 5, 90459 Nürnberg",4.3,89,1,1,1,1,1.11,4.263,Eine Bewertung aufgrund einer Beschwerde wegen Diffamierung entfernt.,https://www.google.com/maps/place/AVE+Lounge+Nuernberg+Bar+-+Restaurant/data=!4m7!3m6!1s0x479f5791caa6fc7d:0x363317899117a0fb!8m2!3d49.4414473!4d11.0812969!16s%2Fg%2F11xgd91n5y!19sChIJffymypFXn0cR-6AXkYkXMzY?authuser=0&hl=de&rclk=1
217,Osteria Regina 2.0,90429,"Muggenhofer Str. 67, 90429 Nürnberg",4.9,82,1,1,1,1,1.2,4.853,Eine Bewertung aufgrund einer Beschwerde wegen Diffamierung entfernt.,https://www.google.com/maps/place/Osteria+Regina+2.0/data=!4m7!3m6!1s0x479f5778c847afd3:0xffe82d270e4438d4!8m2!3d49.459095!4d11.0388032!16s%2Fg%2F11xzk2z2rk!19sChIJ069HyHhXn0cR1DhEDict6P8?authuser=0&hl=de&rclk=1
218,Pintxos bodega y café,90403,"Köpfleinsberg 2, 90403 Nürnberg",4.8,82,1,1,1,1,1.2,4.754,Eine Bewertung aufgrund einer Beschwerde wegen Diffamierung entfernt.,https://www.google.com/maps/place/Pintxos+bodega+y+caf%C3%A9/data=!4m7!3m6!1s0x479f57109d384443:0x3040c5cfaa45ef4b!8m2!3d49.4519717!4d11.0757308!16s%2Fg%2F11h8233pst!19sChIJQ0Q4nRBXn0cRS-9Fqs_FQDA?authuser=0&hl=de&rclk=1
219,"Lebe Gesund: Bäckerei & vegane Bio-Lebensmittel in Nürnberg, frisches Gemüse – Biomarkt & Bioladen Nürnberg mit Lieferservice",90403,"Josephspl. 11, 90403 Nürnberg",4.5,58,1,1,1,1,1.69,4.441,Eine Bewertung aufgrund einer Beschwerde wegen Diffamierung entfernt.,"https://www.google.com/maps/place/Lebe+Gesund:+B%C3%A4ckerei+%26+vegane+Bio-Lebensmittel+in+N%C3%BCrnberg,+frisches+Gem%C3%BCse+%E2%80%93+Biomarkt+%26+Bioladen+N%C3%BCrnberg+mit+Lieferservice/data=!4m7!3m6!1s0x479f57a92a2439f7:0x8f814c39dfcecc82!8m2!3d49.4513074!4d11.0730764!16s%2Fg%2F1v6p7vws!19sChIJ9zkkKqlXn0cRgszO3zlMgY8?authuser=0&hl=de&rclk=1"
220,Ästhetik Room Maria Sayb -Massagen & Beauty. Fachfußpflege,90489,"Sulzbacher Str. 103, 90489 Nürnberg",5,58,1,1,1,1,1.69,4.932,Eine Bewertung aufgrund einer Beschwerde wegen Diffamierung entfernt.,https://www.google.com/maps/place/%C3%84sthetik+Room+Maria+Sayb+-Massagen+%26+Beauty.+Fachfu%C3%9Fpflege/data=!4m7!3m6!1s0x479f578474b42f3f:0xa79d300e07e3539a!8m2!3d49.4599644!4d11.1017675!16s%2Fg%2F11jsv9gm25!19sChIJPy-0dIRXn0cRmlPjBw4wnac?authuser=0&hl=de&rclk=1
221,Die Kirschbohne Stehkaffee,90441,"Löffelholzstraße 21, 90441 Nürnberg",4.9,50,1,1,1,1,1.96,4.824,Eine Bewertung aufgrund einer Beschwerde wegen Diffamierung entfernt.,https://www.google.com/maps/place/Die+Kirschbohne+Stehkaffee/data=!4m7!3m6!1s0x479f577c4d8f933f:0x158c363e7f6094e5!8m2!3d49.4256889!4d11.0676235!16s%2Fg%2F11mvpmqzcl!19sChIJP5OPTXxXn0cR5ZRgfz42jBU?authuser=0&hl=de&rclk=1
222,Restaurant Nisi,90427,"Hasengasse 9, 90427 Nürnberg",4.4,47,1,1,1,1,2.08,4.329,Eine Bewertung aufgrund einer Beschwerde wegen Diffamierung entfernt.,https://www.google.com/maps/place/Restaurant+Nisi/data=!4m7!3m6!1s0x47a1ff588359e437:0x84971f71c254ba19!8m2!3d49.5168345!4d11.0218366!16s%2Fg%2F11xw7dzzky!19sChIJN-RZg1j_oUcRGbpUwnEfl4Q?authuser=0&hl=de&rclk=1
